;diametro (cm);;;x (mm);V (V);;V0 (V);x-x0 (mm);V-V0 (V);media V0;deltaV0;sigmaV0;V-<V_0>;;V (V);x_old (mm);x (mm);V-<V_0>;delta V;deltaV0;sigma V0;sigma x ;sigmav V-<V0>;;;;;;;;;;;;;;;;;;;;;;
;1,665;0,005;;158;7,22;;0,02;53;7,2;0,02;0,005;;7,2;;7,22;158;148,6583333;7,2;0,005;0,005;0,002886751;0,144337567;0,005773503;;;;;;;;;;;;;;;;;;;;;;
;1,67;0,005;;;;;0,02;-105;-0,02;;;;;;7,08;159;149,6583333;7,05;0,005;0,01;0,005773503;0,144337567;0,008660254;;;;;;;;;;;;;;;;;;;148,6583333;7,2;0,144337567;0,005773503
;1,67;0,005;;159;7,08;;0,04;54;7,04;0,03;0,01;;7,05;;6,87;160;150,6583333;6,855;0,005;0,005;0,002886751;0,144337567;0,005773503;;;;;;;;;;;;;;;;;;;149,6583333;7,05;0,144337567;0,008660254
diametro (mm);16,68333333;;;;;;0,02;-105;-0,02;;;;;;6,69;161;151,6583333;6,67;0,005;0,005;0,002886751;0,144337567;0,005773503;;;;;;;;;;;;;;;;;;;150,6583333;6,855;0,144337567;0,005773503
lampadina;30;;;160;6,87;;0,02;55;6,85;0,015;0,005;;6,855;;6,49;162;152,6583333;6,473333333;0,005;0,005;0,002886751;0,144337567;0,005773503;;;;;;;;;;;;;;;;;;;151,6583333;6,67;0,144337567;0,005773503
x_0;105;;;;;;0,01;-105;-0,01;;;;;;6,3;163;153,6583333;6,283333333;0,005;0,005;0,002886751;0,144337567;0,005773503;;;;;;;;;;;;;;;;;;;152,6583333;6,473333333;0,144337567;0,005773503
termine corr;9,341666667;;;161;6,69;;0,02;56;6,67;0,02;0,005;;6,67;;6,09;164;154,6583333;6,073333333;0,005;0,005;0,002886751;0,144337567;0,005773503;;;;;;;;;;;;;;;;;;;153,6583333;6,283333333;0,144337567;0,005773503
;9,341666667;;;;;;0,02;-105;-0,02;;;;;;5,95;165;155,6583333;5,93;0,005;0,005;0,002886751;0,144337567;0,005773503;;;;;;;;;;;;;;;;;;;154,6583333;6,073333333;0,144337567;0,005773503
sigma x;0,144337567;;;;;;0,01;-105;-0,01;;;;;;5,74;166;156,6583333;5,723333333;0,005;0,005;0,002886751;0,144337567;0,005773503;;;;;;;;;;;;;;;;;;;155,6583333;5,93;0,144337567;0,005773503
;0,144337567;;;162;6,49;;0,02;57;6,47;0,016666667;0,005;;6,473333333;;5,59;167;157,6583333;5,573333333;0,005;0,005;0,002886751;0,144337567;0,005773503;;;;;;;;;;;;;;;;;;;156,6583333;5,723333333;0,144337567;0,005773503
;;;;;;;0,02;-105;-0,02;;;;;;5,43;168;158,6583333;5,413333333;0,005;0,01;0,005773503;0,144337567;0,008660254;;;;;;;;;;;;;;;;;;;157,6583333;5,573333333;0,144337567;0,005773503
;;;;;;;0,01;-105;-0,01;;;;;;5,28;169;159,6583333;5,266666667;0,005;0,005;0,002886751;0,144337567;0,005773503;;;;;;;;;;;;;;;;;;;158,6583333;5,413333333;0,144337567;0,008660254
;;;;163;6,3;;0,02;58;6,28;0,016666667;0,005;;6,283333333;;5,15;170;160,6583333;5,133333333;0,005;0,005;0,002886751;0,144337567;0,005773503;;;;;;;;;;;;;;;;;;;159,6583333;5,266666667;0,144337567;0,005773503
;;;;;;;0,02;-105;-0,02;;;;;;5,02;171;161,6583333;5,003333333;0,005;0,005;0,002886751;0,144337567;0,005773503;;;;;;;;;;;;;;;;;;;160,6583333;5,133333333;0,144337567;0,005773503
;;;;;;;0,01;-105;-0,01;;;;;;4,87;172;162,6583333;4,856666667;0,005;0,005;0,002886751;0,144337567;0,005773503;;;;;;;;;;;;;;;;;;;161,6583333;5,003333333;0,144337567;0,005773503
;;;;164;6,09;;0,02;59;6,07;0,016666667;0,005;;6,073333333;;4,76;173;163,6583333;4,743333333;0,005;0,005;0,002886751;0,144337567;0,005773503;;;;;;;;;;;;;;;;;;;162,6583333;4,856666667;0,144337567;0,005773503
;;;;;;;0,02;-105;-0,02;;;;;;4,65;174;164,6583333;4,636666667;0,005;0,005;0,002886751;0,144337567;0,005773503;;;;;;;;;;;;;;;;;;;163,6583333;4,743333333;0,144337567;0,005773503
;;;;;;;0,01;-105;-0,01;;;;;;4,51;175;165,6583333;4,493333333;0,005;0,005;0,002886751;0,144337567;0,005773503;;;;;;;;;;;;;;;;;;;164,6583333;4,636666667;0,144337567;0,005773503
;;;;165;5,95;;0,02;60;5,93;0,02;0,005;;5,93;;4,43;176;166,6583333;4,413333333;0,005;0,005;0,002886751;0,144337567;0,005773503;;;;;;;;;;;;;;;;;;;165,6583333;4,493333333;0,144337567;0,005773503
;;;;;;;0,03;-105;-0,03;;;;;;4,3;177;167,6583333;4,29;0,005;0,005;0,002886751;0,144337567;0,005773503;;;;;;;;;;;;;;;;;;;166,6583333;4,413333333;0,144337567;0,005773503
;;;;;;;0,01;-105;-0,01;;;;;;4,21;178;168,6583333;4,2;0,005;0,005;0,002886751;0,144337567;0,005773503;;;;;;;;;;;;;;;;;;;167,6583333;4,29;0,144337567;0,005773503
;;;;166;5,74;;0,02;61;5,72;0,016666667;0,005;;5,723333333;;4,11;179;169,6583333;4,1;0,005;0,005;0,002886751;0,144337567;0,005773503;;;;;;;;;;;;;;;;;;;168,6583333;4,2;0,144337567;0,005773503
;;;;;;;0,02;-105;-0,02;;;;;;4,01;180;170,6583333;4;0,005;0,005;0,002886751;0,144337567;0,005773503;;;;;;;;;;;;;;;;;;;169,6583333;4,1;0,144337567;0,005773503
;;;;;;;0,01;-105;-0,01;;;;;;3,92;181;171,6583333;3,91;0,005;0,005;0,002886751;0,144337567;0,005773503;;;;;;;;;;;;;;;;;;;170,6583333;4;0,144337567;0,005773503
;;;;167;5,59;;0,02;62;5,57;0,016666667;0,005;;5,573333333;;3,83;182;172,6583333;3,82;0,005;0,005;0,002886751;0,144337567;0,005773503;;;;;;;;;;;;;;;;;;;171,6583333;3,91;0,144337567;0,005773503
;;;;;;;0,02;-105;-0,02;;;;;;3,75;183;173,6583333;3,74;0,005;0,005;0,002886751;0,144337567;0,005773503;;;;;;;;;;;;;;;;;;;172,6583333;3,82;0,144337567;0,005773503
;;;;;;;0,01;-105;-0,01;;;;;;3,66;184;174,6583333;3,65;0,005;0,005;0,002886751;0,144337567;0,005773503;;;;;;;;;;;;;;;;;;;173,6583333;3,74;0,144337567;0,005773503
;;;;168;5,43;;0,01;63;5,42;0,016666667;0,01;;5,413333333;;3,59;185;175,6583333;3,58;0,005;0,005;0,002886751;0,144337567;0,005773503;;;;;;;;;;;;;;;;;;;174,6583333;3,65;0,144337567;0,005773503
;;;;;;;0,03;-105;-0,03;;;;;;3,5;186;176,6583333;3,49;0,005;0,005;0,002886751;0,144337567;0,005773503;;;;;;;;;;;;;;;;;;;175,6583333;3,58;0,144337567;0,005773503
;;;;;;;0,01;-105;-0,01;;;;;;3,43;187;177,6583333;3,42;0,005;0,005;0,002886751;0,144337567;0,005773503;;;;;;;;;;;;;;;;;;;176,6583333;3,49;0,144337567;0,005773503
;;;;169;5,28;;0,01;64;5,27;0,013333333;0,005;;5,266666667;;3,35;188;178,6583333;3,34;0,005;0,005;0,002886751;0,144337567;0,005773503;;;;;;;;;;;;;;;;;;;177,6583333;3,42;0,144337567;0,005773503
;;;;;;;0,02;-105;-0,02;;;;;;3,29;189;179,6583333;3,28;0,005;0,005;0,002886751;0,144337567;0,005773503;;;;;;;;;;;;;;;;;;;178,6583333;3,34;0,144337567;0,005773503
;;;;;;;0,01;-105;-0,01;;;;;;3,22;190;180,6583333;3,21;0,005;0,005;0,002886751;0,144337567;0,005773503;;;;;;;;;;;;;;;;;;;179,6583333;3,28;0,144337567;0,005773503
;;;;170;5,15;;0,02;65;5,13;0,016666667;0,005;;5,133333333;;3,14;191;181,6583333;3,13;0,005;0,005;0,002886751;0,144337567;0,005773503;;;;;;;;;;;;;;;;;;;180,6583333;3,21;0,144337567;0,005773503
;;;;;;;0,01;-105;-0,01;;;;;;3,08;192;182,6583333;3,07;0,005;0,005;0,002886751;0,144337567;0,005773503;;;;;;;;;;;;;;;;;;;181,6583333;3,13;0,144337567;0,005773503
;;;;;;;0,02;-105;-0,02;;;;;;3,02;193;183,6583333;3,01;0,005;0,005;0,002886751;0,144337567;0,005773503;;;;;;;;;;;;;;;;;;;182,6583333;3,07;0,144337567;0,005773503
;;;;171;5,02;;0,02;66;5;0,016666667;0,005;;5,003333333;;2,96;194;184,6583333;2,95;0,005;0,005;0,002886751;0,144337567;0,005773503;;;;;;;;;;;;;;;;;;;183,6583333;3,01;0,144337567;0,005773503
;;;;;;;0,02;-105;-0,02;;;;;;2,9;195;185,6583333;2,89;0,005;0,005;0,002886751;0,144337567;0,005773503;;;;;;;;;;;;;;;;;;;184,6583333;2,95;0,144337567;0,005773503
;;;;;;;0,01;-105;-0,01;;;;;;2,84;196;186,6583333;2,83;0,005;0,005;0,002886751;0,144337567;0,005773503;;;;;;;;;;;;;;;;;;;185,6583333;2,89;0,144337567;0,005773503
;;;;172;4,87;;0,01;67;4,86;0,013333333;0,005;;4,856666667;;2,79;197;187,6583333;2,78;0,005;0,005;0,002886751;0,144337567;0,005773503;;;;;;;;;;;;;;;;;;;186,6583333;2,83;0,144337567;0,005773503
;;;;;;;0,02;-105;-0,02;;;;;;2,73;198;188,6583333;2,71;0,005;0,005;0,002886751;0,144337567;0,005773503;;;;;;;;;;;;;;;;;;;187,6583333;2,78;0,144337567;0,005773503
;;;;;;;0,01;-105;-0,01;;;;;;2,63;200;190,6583333;2,61;0,005;0,005;0,002886751;0,144337567;0,005773503;;;;;;;;;;;;;;;;;;;188,6583333;2,71;0,144337567;0,005773503
;;;;173;4,76;;0,02;68;4,74;0,016666667;0,005;;4,743333333;;2,54;202;192,6583333;2,52;0,005;0,005;0,002886751;0,144337567;0,005773503;;;;;;;;;;;;;;;;;;;190,6583333;2,61;0,144337567;0,005773503
;;;;;;;0,02;-105;-0,02;;;;;;2,45;204;194,6583333;2,43;0,005;0,005;0,002886751;0,144337567;0,005773503;;;;;;;;;;;;;;;;;;;192,6583333;2,52;0,144337567;0,005773503
;;;;;;;0,01;-105;-0,01;;;;;;2,36;206;196,6583333;2,34;0,005;0,005;0,002886751;0,144337567;0,005773503;;;;;;;;;;;;;;;;;;;194,6583333;2,43;0,144337567;0,005773503
;;;;174;4,65;;0,01;69;4,64;0,013333333;0,005;;4,636666667;;2,28;208;198,6583333;2,26;0,005;0,005;0,002886751;0,144337567;0,005773503;;;;;;;;;;;;;;;;;;;196,6583333;2,34;0,144337567;0,005773503
;;;;;;;0,02;-105;-0,02;;;;;;2,2;210;200,6583333;2,18;0,005;0,005;0,002886751;0,144337567;0,005773503;;;;;;;;;;;;;;;;;;;198,6583333;2,26;0,144337567;0,005773503
;;;;;;;0,01;-105;-0,01;;;;;;2,13;212;202,6583333;2,11;0,005;0,005;0,002886751;0,144337567;0,005773503;;;;;;;;;;;;;;;;;;;200,6583333;2,18;0,144337567;0,005773503
;;;;175;4,51;;0,02;70;4,49;0,016666667;0,005;;4,493333333;;2,06;214;204,6583333;2,04;0,005;0,005;0,002886751;0,144337567;0,005773503;;;;;;;;;;;;;;;;;;;202,6583333;2,11;0,144337567;0,005773503
;;;;;;;0,02;-105;-0,02;;;;;;2;216;206,6583333;1,98;0,005;0,005;0,002886751;0,144337567;0,005773503;;;;;;;;;;;;;;;;;;;204,6583333;2,04;0,144337567;0,005773503
;;;;;;;0,01;-105;-0,01;;;;;;1,93;218;208,6583333;1,91;0,005;0,005;0,002886751;0,144337567;0,005773503;;;;;;;;;;;;;;;;;;;206,6583333;1,98;0,144337567;0,005773503
;;;;176;4,43;;0,02;71;4,41;0,016666667;0,005;;4,413333333;;1,87;220;210,6583333;1,85;0,005;0,005;0,002886751;0,144337567;0,005773503;;;;;;;;;;;;;;;;;;;208,6583333;1,91;0,144337567;0,005773503
;;;;;;;0,02;-105;-0,02;;;;;;1,81;222;212,6583333;1,79;0,005;0,005;0,002886751;0,144337567;0,005773503;;;;;;;;;;;;;;;;;;;210,6583333;1,85;0,144337567;0,005773503
;;;;;;;0,01;-105;-0,01;;;;;;1,76;224;214,6583333;1,74;0,005;0,005;0,002886751;0,144337567;0,005773503;;;;;;;;;;;;;;;;;;;212,6583333;1,79;0,144337567;0,005773503
;;;;177;4,3;;0,01;72;4,29;0,01;0,005;;4,29;;1,7;226;216,6583333;1,68;0,005;0,005;0,002886751;0,144337567;0,005773503;;;;;;;;;;;;;;;;;;;214,6583333;1,74;0,144337567;0,005773503
;;;;178;4,21;;0,01;73;4,2;0,01;0,005;;4,2;;1,65;228;218,6583333;1,63;0,005;0,005;0,002886751;0,144337567;0,005773503;;;;;;;;;;;;;;;;;;;216,6583333;1,68;0,144337567;0,005773503
;;;;179;4,11;;0,01;74;4,1;0,01;0,005;;4,1;;1,6;230;220,6583333;1,58;0,005;0,005;0,002886751;0,144337567;0,005773503;;;;;;;;;;;;;;;;;;;218,6583333;1,63;0,144337567;0,005773503
;;;;180;4,01;;0,01;75;4;0,01;0,005;;4;;1,56;232;222,6583333;1,54;0,005;0,005;0,002886751;0,144337567;0,005773503;;;;;;;;;;;;;;;;;;;220,6583333;1,58;0,144337567;0,005773503
;;;;181;3,92;;0,01;76;3,91;0,01;0,005;;3,91;;1,52;234;224,6583333;1,5;0,005;0,005;0,002886751;0,144337567;0,005773503;;;;;;;;;;;;;;;;;;;222,6583333;1,54;0,144337567;0,005773503
;;;;182;3,83;;0,01;77;3,82;0,01;0,005;;3,82;;1,47;236;226,6583333;1,45;0,005;0,005;0,002886751;0,144337567;0,005773503;;;;;;;;;;;;;;;;;;;224,6583333;1,5;0,144337567;0,005773503
;;;;183;3,75;;0,01;78;3,74;0,01;0,005;;3,74;;1,41;239;229,6583333;1,39;0,005;0,005;0,002886751;0,144337567;0,005773503;;;;;;;;;;;;;;;;;;;226,6583333;1,45;0,144337567;0,005773503
;;;;184;3,66;;0,01;79;3,65;0,01;0,005;;3,65;;1,36;242;232,6583333;1,34;0,005;0,005;0,002886751;0,144337567;0,005773503;;;;;;;;;;;;;;;;;;;229,6583333;1,39;0,144337567;0,005773503
;;;;185;3,59;;0,01;80;3,58;0,01;0,005;;3,58;;1,3;245;235,6583333;1,28;0,005;0,005;0,002886751;0,144337567;0,005773503;;;;;;;;;;;;;;;;;;;232,6583333;1,34;0,144337567;0,005773503
;;;;186;3,5;;0,01;81;3,49;0,01;0,005;;3,49;;1,25;248;238,6583333;1,23;0,005;0,005;0,002886751;0,144337567;0,005773503;;;;;;;;;;;;;;;;;;;235,6583333;1,28;0,144337567;0,005773503
;;;;187;3,43;;0,01;82;3,42;0,01;0,005;;3,42;;1,21;251;241,6583333;1,19;0,005;0,005;0,002886751;0,144337567;0,005773503;;;;;;;;;;;;;;;;;;;238,6583333;1,23;0,144337567;0,005773503
;;;;188;3,35;;0,01;83;3,34;0,01;0,005;;3,34;;1,17;254;244,6583333;1,15;0,005;0,005;0,002886751;0,144337567;0,005773503;;;;;;;;;;;;;;;;;;;241,6583333;1,19;0,144337567;0,005773503
;;;;189;3,29;;0,01;84;3,28;0,01;0,005;;3,28;;1,12;257;247,6583333;1,1;0,005;0,005;0,002886751;0,144337567;0,005773503;;;;;;;;;;;;;;;;;;;244,6583333;1,15;0,144337567;0,005773503
;;;;190;3,22;;0,01;85;3,21;0,01;0,005;;3,21;;1,08;260;250,6583333;1,06;0,005;0,005;0,002886751;0,144337567;0,005773503;;;;;;;;;;;;;;;;;;;247,6583333;1,1;0,144337567;0,005773503
;;;;191;3,14;;0,01;86;3,13;0,01;0,005;;3,13;;1,05;263;253,6583333;1,03;0,005;0,005;0,002886751;0,144337567;0,005773503;;;;;;;;;;;;;;;;;;;250,6583333;1,06;0,144337567;0,005773503
;;;;192;3,08;;0,01;87;3,07;0,01;0,005;;3,07;;1,01;266;256,6583333;0,99;0,005;0,005;0,002886751;0,144337567;0,005773503;;;;;;;;;;;;;;;;;;;253,6583333;1,03;0,144337567;0,005773503
;;;;193;3,02;;0,01;88;3,01;0,01;0,005;;3,01;;0,98;269;259,6583333;0,96;0,005;0,005;0,002886751;0,144337567;0,005773503;;;;;;;;;;;;;;;;;;;256,6583333;0,99;0,144337567;0,005773503
;;;;194;2,96;;0,01;89;2,95;0,01;0,005;;2,95;;0,94;272;262,6583333;0,92;0,005;0,005;0,002886751;0,144337567;0,005773503;;;;;;;;;;;;;;;;;;;259,6583333;0,96;0,144337567;0,005773503
;;;;195;2,9;;0,01;90;2,89;0,01;0,005;;2,89;;0,91;275;265,6583333;0,89;0,005;0,005;0,002886751;0,144337567;0,005773503;;;;;;;;;;;;;;;;;;;262,6583333;0,92;0,144337567;0,005773503
;;;;196;2,84;;0,01;91;2,83;0,01;0,005;;2,83;;0,88;278;268,6583333;0,86;0,005;0,005;0,002886751;0,144337567;0,005773503;;;;;;;;;;;;;;;;;;;265,6583333;0,89;0,144337567;0,005773503
;;;;197;2,79;;0,01;92;2,78;0,01;0,005;;2,78;;0,85;281;271,6583333;0,83;0,005;0,005;0,002886751;0,144337567;0,005773503;;;;;;;;;;;;;;;;;;;268,6583333;0,86;0,144337567;0,005773503
;;;;198;2,73;;0,02;93;2,71;0,02;0,005;;2,71;;0,83;284;274,6583333;0,81;0,005;0,005;0,002886751;0,144337567;0,005773503;;;;;;;;;;;;;;;;;;;271,6583333;0,83;0,144337567;0,005773503
;;;;200;2,63;;0,02;95;2,61;0,02;0,005;;2,61;;0,81;287;277,6583333;0,79;0,005;0,005;0,002886751;0,144337567;0,005773503;;;;;;;;;;;;;;;;;;;274,6583333;0,81;0,144337567;0,005773503
;;;;202;2,54;;0,02;97;2,52;0,02;0,005;;2,52;;0,78;290;280,6583333;0,765;0,005;0,005;0,002886751;0,144337567;0,005773503;;;;;;;;;;;;;;;;;;;277,6583333;0,79;0,144337567;0,005773503
;;;;204;2,45;;0,02;99;2,43;0,02;0,005;;2,43;;0,76;293;283,6583333;0,745;0,005;0,005;0,002886751;0,144337567;0,005773503;;;;;;;;;;;;;;;;;;;280,6583333;0,765;0,144337567;0,005773503
;;;;206;2,36;;0,02;101;2,34;0,02;0,005;;2,34;;0,73;296;286,6583333;0,715;0,005;0,005;0,002886751;0,144337567;0,005773503;;;;;;;;;;;;;;;;;;;283,6583333;0,745;0,144337567;0,005773503
;;;;208;2,28;;0,02;103;2,26;0,02;0,005;;2,26;;0,72;299;289,6583333;0,71;0,005;0,005;0,002886751;0,144337567;0,005773503;;;;;;;;;;;;;;;;;;;286,6583333;0,715;0,144337567;0,005773503
;;;;210;2,2;;0,02;105;2,18;0,02;0,005;;2,18;;0,701;302;292,6583333;0,6825;0,0005;0,0015;0,000866025;0,144337567;0,001154701;;;;;;;;;;;;;;;;;;;289,6583333;0,71;0,144337567;0,005773503
;;;;212;2,13;;0,02;107;2,11;0,02;0,005;;2,11;;0,682;305;295,6583333;0,664;0,0005;0,002;0,001154701;0,144337567;0,001443376;;;;;;;;;;;;;;;;;;;292,6583333;0,6825;0,144337567;0,001154701
;;;;214;2,06;;0,02;109;2,04;0,02;0,005;;2,04;;0,663;308;298,6583333;0,6445;0,0005;0,0015;0,000866025;0,144337567;0,001154701;;;;;;;;;;;;;;;;;;;295,6583333;0,664;0,144337567;0,001443376
;;;;216;2;;0,02;111;1,98;0,02;0,005;;1,98;;0,646;311;301,6583333;0,628;0,0005;0,002;0,001154701;0,144337567;0,001443376;;;;;;;;;;;;;;;;;;;298,6583333;0,6445;0,144337567;0,001154701
;;;;218;1,93;;0,02;113;1,91;0,02;0,005;;1,91;;0,612;314;304,6583333;0,594;0,0005;0,002;0,001154701;0,144337567;0,001443376;;;;;;;;;;;;;;;;;;;301,6583333;0,628;0,144337567;0,001443376
;;;;220;1,87;;0,02;115;1,85;0,02;0,005;;1,85;;0,598;317;307,6583333;0,58;0,0005;0,002;0,001154701;0,144337567;0,001443376;;;;;;;;;;;;;;;;;;;304,6583333;0,594;0,144337567;0,001443376
;;;;222;1,81;;0,02;117;1,79;0,02;0,005;;1,79;;0,582;320;310,6583333;0,5645;0,0005;0,0025;0,001443376;0,144337567;0,001732051;;;;;;;;;;;;;;;;;;;307,6583333;0,58;0,144337567;0,001443376
;;;;224;1,76;;0,02;119;1,74;0,02;0,005;;1,74;;0,568;323;313,6583333;0,5505;0,0005;0,0025;0,001443376;0,144337567;0,001732051;;;;;;;;;;;;;;;;;;;310,6583333;0,5645;0,144337567;0,001732051
;;;;226;1,7;;0,02;121;1,68;0,02;0,005;;1,68;;0,554;326;316,6583333;0,5355;0,0005;0,0005;0,000288675;0,144337567;0,00057735;;;;;;;;;;;;;;;;;;;313,6583333;0,5505;0,144337567;0,001732051
;;;;228;1,65;;0,02;123;1,63;0,02;0,005;;1,63;;0,54;329;319,6583333;0,5225;0,0005;0,0015;0,000866025;0,144337567;0,001154701;;;;;;;;;;;;;;;;;;;316,6583333;0,5355;0,144337567;0,00057735
;;;;230;1,6;;0,02;125;1,58;0,02;0,005;;1,58;;0,528;332;322,6583333;0,5105;0,0005;0,0015;0,000866025;0,144337567;0,001154701;;;;;;;;;;;;;;;;;;;319,6583333;0,5225;0,144337567;0,001154701
;;;;232;1,56;;0,02;127;1,54;0,02;0,005;;1,54;;0,515;335;325,6583333;0,4975;0,0005;0,0015;0,000866025;0,144337567;0,001154701;;;;;;;;;;;;;;;;;;;322,6583333;0,5105;0,144337567;0,001154701
;;;;234;1,52;;0,02;129;1,5;0,02;0,005;;1,5;;0,503;338;328,6583333;0,4855;0,0005;0,0015;0,000866025;0,144337567;0,001154701;;;;;;;;;;;;;;;;;;;325,6583333;0,4975;0,144337567;0,001154701
;;;;236;1,47;;0,02;131;1,45;0,02;0,005;;1,45;;0,492;341;331,6583333;0,4745;0,0005;0,0015;0,000866025;0,144337567;0,001154701;;;;;;;;;;;;;;;;;;;328,6583333;0,4855;0,144337567;0,001154701
;;;;239;1,41;;0,02;134;1,39;0,02;0,005;;1,39;;0,48;344;334,6583333;0,4625;0,0005;0,0015;0,000866025;0,144337567;0,001154701;;;;;;;;;;;;;;;;;;;331,6583333;0,4745;0,144337567;0,001154701
;;;;242;1,36;;0,02;137;1,34;0,02;0,005;;1,34;;0,467;347;337,6583333;0,45;0,0005;0,002;0,001154701;0,144337567;0,001443376;;;;;;;;;;;;;;;;;;;334,6583333;0,4625;0,144337567;0,001154701
;;;;245;1,3;;0,02;140;1,28;0,02;0,005;;1,28;;0,46;350;340,6583333;0,4425;0,0005;0,0015;0,000866025;0,144337567;0,001154701;;;;;;;;;;;;;;;;;;;337,6583333;0,45;0,144337567;0,001443376
;;;;248;1,25;;0,02;143;1,23;0,02;0,005;;1,23;;0,45;353;343,6583333;0,4325;0,0005;0,0015;0,000866025;0,144337567;0,001154701;;;;;;;;;;;;;;;;;;;340,6583333;0,4425;0,144337567;0,001154701
;;;;251;1,21;;0,02;146;1,19;0,02;0,005;;1,19;;0,44;356;346,6583333;0,423;0,0005;0,002;0,001154701;0,144337567;0,001443376;;;;;;;;;;;;;;;;;;;343,6583333;0,4325;0,144337567;0,001154701
;;;;254;1,17;;0,02;149;1,15;0,02;0,005;;1,15;;0,431;359;349,6583333;0,4135;0,0005;0,0015;0,000866025;0,144337567;0,001154701;;;;;;;;;;;;;;;;;;;346,6583333;0,423;0,144337567;0,001443376
;;;;257;1,12;;0,02;152;1,1;0,02;0,005;;1,1;;0,422;362;352,6583333;0,4045;0,0005;0,0015;0,000866025;0,144337567;0,001154701;;;;;;;;;;;;;;;;;;;349,6583333;0,4135;0,144337567;0,001154701
;;;;260;1,08;;0,02;155;1,06;0,02;0,005;;1,06;;0,413;365;355,6583333;0,3955;0,0005;0,0015;0,000866025;0,144337567;0,001154701;;;;;;;;;;;;;;;;;;;352,6583333;0,4045;0,144337567;0,001154701
;;;;263;1,05;;0,02;158;1,03;0,02;0,005;;1,03;;0,405;368;358,6583333;0,388;0,0005;0,002;0,001154701;0,144337567;0,001443376;;;;;;;;;;;;;;;;;;;355,6583333;0,3955;0,144337567;0,001154701
;;;;266;1,01;;0,02;161;0,99;0,02;0,005;;0,99;;0,397;371;361,6583333;0,3795;0,0005;0,0015;0,000866025;0,144337567;0,001154701;;;;;;;;;;;;;;;;;;;358,6583333;0,388;0,144337567;0,001443376
;;;;269;0,98;;0,02;164;0,96;0,02;0,005;;0,96;;0,389;374;364,6583333;0,3715;0,0005;0,0015;0,000866025;0,144337567;0,001154701;;;;;;;;;;;;;;;;;;;361,6583333;0,3795;0,144337567;0,001154701
;;;;272;0,94;;0,02;167;0,92;0,02;0,005;;0,92;;0,379;377;367,6583333;0,3615;0,0005;0,0015;0,000866025;0,144337567;0,001154701;;;;;;;;;;;;;;;;;;;364,6583333;0,3715;0,144337567;0,001154701
;;;;275;0,91;;0,02;170;0,89;0,02;0,005;;0,89;;0,374;380;370,6583333;0,3575;0,0005;0,0015;0,000866025;0,144337567;0,001154701;;;;;;;;;;;;;;;;;;;367,6583333;0,3615;0,144337567;0,001154701
;;;;278;0,88;;0,02;173;0,86;0,02;0,005;;0,86;;0,367;383;373,6583333;0,35;0,0005;0,001;0,00057735;0,144337567;0,000866025;;;;;;;;;;;;;;;;;;;370,6583333;0,3575;0,144337567;0,001154701
;;;;281;0,85;;0,02;176;0,83;0,02;0,005;;0,83;;0,359;386;376,6583333;0,3415;0,0005;0,003;0,001732051;0,144337567;0,002020726;;;;;;;;;;;;;;;;;;;373,6583333;0,35;0,144337567;0,000866025
;;;;284;0,83;;0,02;179;0,81;0,02;0,005;;0,81;;0,353;389;379,6583333;0,3355;0,0005;0,0005;0,000288675;0,144337567;0,00057735;;;;;;;;;;;;;;;;;;;376,6583333;0,3415;0,144337567;0,002020726
;;;;287;0,81;;0,02;182;0,79;0,02;0,005;;0,79;;0,346;392;382,6583333;0,3295;0,0005;0,0015;0,000866025;0,144337567;0,001154701;;;;;;;;;;;;;;;;;;;379,6583333;0,3355;0,144337567;0,00057735
;;;;290;0,78;;0,02;185;0,76;0,015;0,005;;0,765;;0,34;395;385,6583333;0,323;0,0005;0,001;0,00057735;0,144337567;0,000866025;;;;;;;;;;;;;;;;;;;382,6583333;0,3295;0,144337567;0,001154701
;;;;;;;0,01;-105;-0,01;;;;;;0,33;400;390,6583333;0,313;0,0005;0,001;0,00057735;0,144337567;0,000866025;;;;;;;;;;;;;;;;;;;385,6583333;0,323;0,144337567;0,000866025
;;;;293;0,76;;0,02;188;0,74;0,015;0,005;;0,745;;0,32;405;395,6583333;0,303;0,0005;0,001;0,00057735;0,144337567;0,000866025;;;;;;;;;;;;;;;;;;;390,6583333;0,313;0,144337567;0,000866025
;;;;;;;0,01;-105;-0,01;;;;;;0,31;410;400,6583333;0,293;0,0005;0,001;0,00057735;0,144337567;0,000866025;;;;;;;;;;;;;;;;;;;395,6583333;0,303;0,144337567;0,000866025
;;;;296;0,73;;0,02;191;0,71;0,015;0,005;;0,715;;0,301;415;405,6583333;0,2845;0,0005;0,0015;0,000866025;0,144337567;0,001154701;;;;;;;;;;;;;;;;;;;400,6583333;0,293;0,144337567;0,000866025
;;;;;;;0,01;-105;-0,01;;;;;;0,293;420;410,6583333;0,2765;0,0005;0,0015;0,000866025;0,144337567;0,001154701;;;;;;;;;;;;;;;;;;;405,6583333;0,2845;0,144337567;0,001154701
;;;;299;0,72;;0,01;194;0,71;0,01;0,005;;0,71;;0,285;425;415,6583333;0,268;0,0005;0,001;0,00057735;0,144337567;0,000866025;;;;;;;;;;;;;;;;;;;410,6583333;0,2765;0,144337567;0,001154701
;;;;;;;0,01;-105;-0,01;;;;;;0,277;430;420,6583333;0,26;0,0005;0,001;0,00057735;0,144337567;0,000866025;;;;;;;;;;;;;;;;;;;415,6583333;0,268;0,144337567;0,000866025
;;;;302;0,701;;0,02;197;0,681;0,0185;0,0015;;0,6825;;0,27;435;425,6583333;0,254;0,0005;0,001;0,00057735;0,144337567;0,000866025;;;;;;;;;;;;;;;;;;;420,6583333;0,26;0,144337567;0,000866025
;;;;;;;0,017;-105;-0,017;;;;;;0,263;440;430,6583333;0,246666667;0,0005;0,001;0,00057735;0,144337567;0,000866025;;;;;;;;;;;;;;;;;;;425,6583333;0,254;0,144337567;0,000866025
;;;;305;0,682;;0,016;200;0,666;0,018;0,002;;0,664;;0,256;445;435,6583333;0,239;0,0005;0,001;0,00057735;0,144337567;0,000866025;;;;;;;;;;;;;;;;;;;430,6583333;0,246666667;0,144337567;0,000866025
;;;;;;;0,02;-105;-0,02;;;;;;0,249;450;440,6583333;0,232;0,0005;0,0015;0,000866025;0,144337567;0,001154701;;;;;;;;;;;;;;;;;;;435,6583333;0,239;0,144337567;0,000866025
;;;;308;0,663;;0,02;203;0,643;0,0185;0,0015;;0,6445;;0,243;455;445,6583333;0,226666667;0,0005;0,001;0,00057735;0,144337567;0,000866025;;;;;;;;;;;;;;;;;;;440,6583333;0,232;0,144337567;0,001154701
;;;;;;;0,017;-105;-0,017;;;;;;0,237;460;450,6583333;0,220666667;0,0005;0,001;0,00057735;0,144337567;0,000866025;;;;;;;;;;;;;;;;;;;445,6583333;0,226666667;0,144337567;0,000866025
;;;;311;0,646;;0,02;206;0,626;0,018;0,002;;0,628;;0,231;465;455,6583333;0,214666667;0,0005;0,001;0,00057735;0,144337567;0,000866025;;;;;;;;;;;;;;;;;;;450,6583333;0,220666667;0,144337567;0,000866025
;;;;;;;0,016;-105;-0,016;;;;;;0,226;470;460,6583333;0,209666667;0,0005;0,001;0,00057735;0,144337567;0,000866025;;;;;;;;;;;;;;;;;;;455,6583333;0,214666667;0,144337567;0,000866025
;;;;314;0,612;;0,02;209;0,592;0,018;0,002;;0,594;;0,22;475;465,6583333;0,203666667;0,0005;0,001;0,00057735;0,144337567;0,000866025;;;;;;;;;;;;;;;;;;;460,6583333;0,209666667;0,144337567;0,000866025
;;;;;;;0,016;-105;-0,016;;;;;;0,215;480;470,6583333;0,198666667;0,0005;0,001;0,00057735;0,144337567;0,000866025;;;;;;;;;;;;;;;;;;;465,6583333;0,203666667;0,144337567;0,000866025
;;;;317;0,598;;0,02;212;0,578;0,018;0,002;;0,58;;0,21;485;475,6583333;0,193666667;0,0005;0,001;0,00057735;0,144337567;0,000866025;;;;;;;;;;;;;;;;;;;470,6583333;0,198666667;0,144337567;0,000866025
;;;;;;;0,016;-105;-0,016;;;;;;0,206;490;480,6583333;0,189666667;0,0005;0,001;0,00057735;0,144337567;0,000866025;;;;;;;;;;;;;;;;;;;475,6583333;0,193666667;0,144337567;0,000866025
;;;;320;0,582;;0,02;215;0,562;0,0175;0,0025;;0,5645;;0,2;495;485,6583333;0,184;0,0005;0,001;0,00057735;0,144337567;0,000866025;;;;;;;;;;;;;;;;;;;480,6583333;0,189666667;0,144337567;0,000866025
;;;;;;;0,015;-105;-0,015;;;;;;0,196;500;490,6583333;0,18;0,0005;0,001;0,00057735;0,144337567;0,000866025;;;;;;;;;;;;;;;;;;;485,6583333;0,184;0,144337567;0,000866025
;;;;323;0,568;;0,02;218;0,548;0,0175;0,0025;;0,5505;;0,193;505;495,6583333;0,177;0,0005;0,001;0,00057735;0,144337567;0,000866025;;;;;;;;;;;;;;;;;;;490,6583333;0,18;0,144337567;0,000866025
;;;;;;;0,015;-105;-0,015;;;;;;0,188;510;500,6583333;0,172;0,0005;0,001;0,00057735;0,144337567;0,000866025;;;;;;;;;;;;;;;;;;;495,6583333;0,177;0,144337567;0,000866025
;;;;326;0,554;;0,019;221;0,535;0,0185;0,0005;;0,5355;;0,184;515;505,6583333;0,168333333;0,0005;0,0005;0,000288675;0,144337567;0,00057735;;;;;;;;;;;;;;;;;;;500,6583333;0,172;0,144337567;0,000866025
;;;;;;;0,018;-105;-0,018;;;;;;0,18;520;510,6583333;0,164666667;0,0005;0,001;0,00057735;0,144337567;0,000866025;;;;;;;;;;;;;;;;;;;505,6583333;0,168333333;0,144337567;0,00057735
;;;;329;0,54;;0,019;224;0,521;0,0175;0,0015;;0,5225;;0,176;525;515,6583333;0,160666667;0,0005;0,001;0,00057735;0,144337567;0,000866025;;;;;;;;;;;;;;;;;;;510,6583333;0,164666667;0,144337567;0,000866025
;;;;;;;0,016;-105;-0,016;;;;;;0,172;530;520,6583333;0,156666667;0,0005;0,001;0,00057735;0,144337567;0,000866025;;;;;;;;;;;;;;;;;;;515,6583333;0,160666667;0,144337567;0,000866025
;;;;332;0,528;;0,019;227;0,509;0,0175;0,0015;;0,5105;;0,168;535;525,6583333;0,152666667;0,0005;0,001;0,00057735;0,144337567;0,000866025;;;;;;;;;;;;;;;;;;;520,6583333;0,156666667;0,144337567;0,000866025
;;;;;;;0,016;-105;-0,016;;;;;;0,165;540;530,6583333;0,15;0,0005;0,001;0,00057735;0,144337567;0,000866025;;;;;;;;;;;;;;;;;;;525,6583333;0,152666667;0,144337567;0,000866025
;;;;335;0,515;;0,019;230;0,496;0,0175;0,0015;;0,4975;;0,161;545;535,6583333;0,145666667;0,0005;0,001;0,00057735;0,144337567;0,000866025;;;;;;;;;;;;;;;;;;;530,6583333;0,15;0,144337567;0,000866025
;;;;;;;0,016;-105;-0,016;;;;;;0,158;550;540,6583333;0,143;0,0005;0,001;0,00057735;0,144337567;0,000866025;;;;;;;;;;;;;;;;;;;535,6583333;0,145666667;0,144337567;0,000866025
;;;;338;0,503;;0,019;233;0,484;0,0175;0,0015;;0,4855;;0,155;555;545,6583333;0,14;0,0005;0,001;0,00057735;0,144337567;0,000866025;;;;;;;;;;;;;;;;;;;540,6583333;0,143;0,144337567;0,000866025
;;;;;;;0,016;-105;-0,016;;;;;;0,151;560;550,6583333;0,135666667;0,0005;0,001;0,00057735;0,144337567;0,000866025;;;;;;;;;;;;;;;;;;;545,6583333;0,14;0,144337567;0,000866025
;;;;341;0,492;;0,019;236;0,473;0,0175;0,0015;;0,4745;;0,149;565;555,6583333;0,134333333;0,0005;0,0005;0,000288675;0,144337567;0,00057735;;;;;;;;;;;;;;;;;;;550,6583333;0,135666667;0,144337567;0,000866025
;;;;;;;0,016;-105;-0,016;;;;;;0,147;570;560,6583333;0,132333333;0,0005;0,0005;0,000288675;0,144337567;0,00057735;;;;;;;;;;;;;;;;;;;555,6583333;0,134333333;0,144337567;0,00057735
;;;;344;0,48;;0,019;239;0,461;0,0175;0,0015;;0,4625;;0,141;580;570,6583333;0,126666667;0,0005;0,001;0,00057735;0,144337567;0,000866025;;;;;;;;;;;;;;;;;;;560,6583333;0,132333333;0,144337567;0,00057735
;;;;;;;0,016;-105;-0,016;;;;;;0,136;590;580,6583333;0,121666667;0,0005;0,001;0,00057735;0,144337567;0,000866025;;;;;;;;;;;;;;;;;;;570,6583333;0,126666667;0,144337567;0,000866025
;;;;347;0,467;;0,019;242;0,448;0,017;0,002;;0,45;;0,131;600;590,6583333;0,116666667;0,0005;0,001;0,00057735;0,144337567;0,000866025;;;;;;;;;;;;;;;;;;;580,6583333;0,121666667;0,144337567;0,000866025
;;;;;;;0,015;-105;-0,015;;;;;;0,126;610;600,6583333;0,111333333;0,0005;0,0005;0,000288675;0,144337567;0,00057735;;;;;;;;;;;;;;;;;;;590,6583333;0,116666667;0,144337567;0,000866025
;;;;350;0,46;;0,019;245;0,441;0,0175;0,0015;;0,4425;;0,122;620;610,6583333;0,108;0,0005;0,001;0,00057735;0,144337567;0,000866025;;;;;;;;;;;;;;;;;;;600,6583333;0,111333333;0,144337567;0,00057735
;;;;;;;0,016;-105;-0,016;;;;;;0,118;630;620,6583333;0,104333333;0,0005;0,0005;0,000288675;0,144337567;0,00057735;;;;;;;;;;;;;;;;;;;610,6583333;0,108;0,144337567;0,000866025
;;;;353;0,45;;0,019;248;0,431;0,0175;0,0015;;0,4325;;0,115;640;630,6583333;0,101;0,0005;0,001;0,00057735;0,144337567;0,000866025;;;;;;;;;;;;;;;;;;;620,6583333;0,104333333;0,144337567;0,00057735
;;;;;;;0,016;-105;-0,016;;;;;;0,111;650;640,6583333;0,097333333;0,0005;0,0005;0,000288675;0,144337567;0,00057735;;;;;;;;;;;;;;;;;;;630,6583333;0,101;0,144337567;0,000866025
;;;;356;0,44;;0,019;251;0,421;0,017;0,002;;0,423;;0,107;660;650,6583333;0,093333333;0,0005;0,0005;0,000288675;0,144337567;0,00057735;;;;;;;;;;;;;;;;;;;640,6583333;0,097333333;0,144337567;0,00057735
;;;;;;;0,015;-105;-0,015;;;;;;0,104;670;660,6583333;0,091333333;0,0005;0,0005;0,000288675;0,144337567;0,00057735;;;;;;;;;;;;;;;;;;;650,6583333;0,093333333;0,144337567;0,00057735
;;;;359;0,431;;0,019;254;0,412;0,0175;0,0015;;0,4135;;0,101;680;670,6583333;0,088333333;0,0005;0,0005;0,000288675;0,144337567;0,00057735;;;;;;;;;;;;;;;;;;;660,6583333;0,091333333;0,144337567;0,00057735
;;;;;;;0,016;-105;-0,016;;;;;;0,098;690;680,6583333;0,085333333;0,0005;0,0005;0,000288675;0,144337567;0,00057735;;;;;;;;;;;;;;;;;;;670,6583333;0,088333333;0,144337567;0,00057735
;;;;362;0,422;;0,019;257;0,403;0,0175;0,0015;;0,4045;;0,095;700;690,6583333;0,082333333;0,0005;0,0005;0,000288675;0,144337567;0,00057735;;;;;;;;;;;;;;;;;;;680,6583333;0,085333333;0,144337567;0,00057735
;;;;;;;0,016;-105;-0,016;;;;;;0,0903;720;710,6583333;0,077333333;0,00005;0,0004;0,00023094;0,144337567;0,000259808;;;;;;;;;;;;;;;;;;;690,6583333;0,082333333;0,144337567;0,00057735
;;;;365;0,413;;0,019;260;0,394;0,0175;0,0015;;0,3955;;0,0854;740;730,6583333;0,072733333;0,00005;0,0004;0,00023094;0,144337567;0,000259808;;;;;;;;;;;;;;;;;;;710,6583333;0,077333333;0,144337567;0,000259808
;;;;;;;0,016;-105;-0,016;;;;;;0,0809;760;750,6583333;0,068766667;0,00005;0,00035;0,000202073;0,144337567;0,00023094;;;;;;;;;;;;;;;;;;;730,6583333;0,072733333;0,144337567;0,000259808
;;;;368;0,405;;0,019;263;0,386;0,017;0,002;;0,388;;0,0768;780;770,6583333;0,064766667;0,00005;0,00035;0,000202073;0,144337567;0,00023094;;;;;;;;;;;;;;;;;;;750,6583333;0,068766667;0,144337567;0,00023094
;;;;;;;0,015;-105;-0,015;;;;;;0,0729;800;790,6583333;0,061166667;0,00005;0,00035;0,000202073;0,144337567;0,00023094;;;;;;;;;;;;;;;;;;;770,6583333;0,064766667;0,144337567;0,00023094
;;;;371;0,397;;0,019;266;0,378;0,0175;0,0015;;0,3795;;0,0693;820;810,6583333;0,057833333;0,00005;0,0003;0,000173205;0,144337567;0,000202073;;;;;;;;;;;;;;;;;;;790,6583333;0,061166667;0,144337567;0,00023094
;;;;;;;0,016;-105;-0,016;;;;;;0,066;840;830,6583333;0,054833333;0,00005;0,0003;0,000173205;0,144337567;0,000202073;;;;;;;;;;;;;;;;;;;810,6583333;0,057833333;0,144337567;0,000202073
;;;;374;0,389;;0,019;269;0,37;0,0175;0,0015;;0,3715;;0,063;860;850,6583333;0,052133333;0,00005;0,0003;0,000173205;0,144337567;0,000202073;;;;;;;;;;;;;;;;;;;830,6583333;0,054833333;0,144337567;0,000202073
;;;;;;;0,016;-105;-0,016;;;;;;0,0603;880;870,6583333;0,049733333;0,00005;0,0003;0,000173205;0,144337567;0,000202073;;;;;;;;;;;;;;;;;;;850,6583333;0,052133333;0,144337567;0,000202073
;;;;377;0,379;;0,019;272;0,36;0,0175;0,0015;;0,3615;;0,0578;900;890,6583333;0,047433333;0,00005;0,0002;0,00011547;0,144337567;0,000144338;;;;;;;;;;;;;;;;;;;870,6583333;0,049733333;0,144337567;0,000202073
;;;;;;;0,016;-105;-0,016;;;;;;0,0541;930;920,6583333;0,044133333;0,00005;0,0002;0,00011547;0,144337567;0,000144338;;;;;;;;;;;;;;;;;;;890,6583333;0,047433333;0,144337567;0,000144338
;;;;380;0,374;;0,018;275;0,356;0,0165;0,0015;;0,3575;;0,0507;960;950,6583333;0,0411;0,00005;0,00035;0,000202073;0,144337567;0,00023094;;;;;;;;;;;;;;;;;;;920,6583333;0,044133333;0,144337567;0,000144338
;;;;;;;0,015;-105;-0,015;;;;;;0,0476;990;980,6583333;0,038366667;0,00005;0,0002;0,00011547;0,144337567;0,000144338;;;;;;;;;;;;;;;;;;;950,6583333;0,0411;0,144337567;0,00023094
;;;;383;0,367;;0,018;278;0,349;0,017;0,001;;0,35;;0,0449;1020;1010,658333;0,035966667;0,00005;0,0002;0,00011547;0,144337567;0,000144338;;;;;;;;;;;;;;;;;;;980,6583333;0,038366667;0,144337567;0,000144338
;;;;;;;0,016;-105;-0,016;;;;;;0,0424;1050;1040,658333;0,033833333;0,00005;0,0002;0,00011547;0,144337567;0,000144338;;;;;;;;;;;;;;;;;;;1010,658333;0,035966667;0,144337567;0,000144338
;;;;386;0,359;;0,019;281;0,34;0,0175;0,003;;0,3415;;0,0387;1100;1090,658333;0,030666667;0,00005;0,0002;0,00011547;0,144337567;0,000144338;;;;;;;;;;;;;;;;;;;1040,658333;0,033833333;0,144337567;0,000144338
;;;;;;;0,016;-105;-0,016;;;;;;0,0355;1150;1140,658333;0,027866667;0,00005;0,0002;0,00011547;0,144337567;0,000144338;;;;;;;;;;;;;;;;;;;1090,658333;0,030666667;0,144337567;0,000144338
;;;;389;0,353;;0,018;284;0,335;0,0175;0,0005;;0,3355;;0,0326;1200;1190,658333;0,0254;0,00005;0,00015;8,66025E-05;0,144337567;0,00011547;;;;;;;;;;;;;;;;;;;1140,658333;0,027866667;0,144337567;0,000144338
;;;;;;;0,017;-105;-0,017;;;;;;0,0302;1250;1240,658333;0,0234;0,00005;0,00015;8,66025E-05;0,144337567;0,00011547;;;;;;;;;;;;;;;;;;;1190,658333;0,0254;0,144337567;0,00011547
;;;;392;0,346;;0,018;287;0,328;0,0165;0,0015;;0,3295;;0,028;1300;1290,658333;0,021533333;0,00005;0,00015;8,66025E-05;0,144337567;0,00011547;;;;;;;;;;;;;;;;;;;1240,658333;0,0234;0,144337567;0,00011547
;;;;;;;0,015;-105;-0,015;;;;;;0,0243;1400;1390,658333;0,018433333;0,00005;0,00015;8,66025E-05;0,144337567;0,00011547;;;;;;;;;;;;;;;;;;;1290,658333;0,021533333;0,144337567;0,00011547
;;;;395;0,34;;0,018;290;0,322;0,017;0,001;;0,323;;0,0214;1500;1490,658333;0,016033333;0,00005;0,00025;0,000144338;0,144337567;0,000173205;;;;;;;;;;;;;;;;;;;1390,658333;0,018433333;0,144337567;0,00011547
;;;;;;;0,016;-105;-0,016;;;;;;0,0189;1600;1590,658333;0,013933333;0,00005;0,00015;8,66025E-05;0,144337567;0,00011547;;;;;;;;;;;;;;;;;;;1490,658333;0,016033333;0,144337567;0,000173205
;;;;400;0,33;;0,018;295;0,312;0,017;0,001;;0,313;;0,0169;1700;1690,658333;0,012266667;0,00005;0,00015;8,66025E-05;0,144337567;0,00011547;;;;;;;;;;;;;;;;;;;1590,658333;0,013933333;0,144337567;0,00011547
;;;;;;;0,016;-105;-0,016;;;;;;0,0152;1800;1790,658333;0,010966667;0,00005;0,00015;8,66025E-05;0,144337567;0,00011547;;;;;;;;;;;;;;;;;;;1690,658333;0,012266667;0,144337567;0,00011547
;;;;405;0,32;;0,018;300;0,302;0,017;0,001;;0,303;;0,0139;1900;1890,658333;0,009933333;0,00005;0,00015;8,66025E-05;0,144337567;0,00011547;;;;;;;;;;;;;;;;;;;1790,658333;0,010966667;0,144337567;0,00011547
;;;;;;;0,016;-105;-0,016;;;;;;0,013;1970;1960,658333;0,0093;0,00005;0,0002;0,00011547;0,144337567;0,000144338;;;;;;;;;;;;;;;;;;;1890,658333;0,009933333;0,144337567;0,00011547
;;;;410;0,31;;0,018;305;0,292;0,017;0,001;;0,293;;;;;;;;;;;;;;;;;;;;;;;;;;;;;1960,658333;0,0093;0,144337567;0,000144338
;;;;;;;0,016;-105;-0,016;;;;;;;;;;;;;;;;;;;;;;;;;;;;;;;;;;;;
;;;;415;0,301;;0,018;310;0,283;0,0165;0,0015;;0,2845;;;;;;;;;;;;;;;;;;;;;;;;;;;;;;;;
;;;;;;;0,015;-105;-0,015;;;;;;;;;;;;;;;;;;;;;;;;;;;;;;;;;;;;
;;;;420;0,293;;0,018;315;0,275;0,0165;0,0015;;0,2765;;;;;;;;;;;;;;;;;;;;;;;;;;;;;;;;
;;;;;;;0,015;-105;-0,015;;;;;;;;;;;;;;;;;;;;;;;;;;;;;;;;;;;;
;;;;425;0,285;;0,018;320;0,267;0,017;0,001;;0,268;;;;;;;;;;;;;;;;;;;;;;;;;;;;;;;;
;;;;;;;0,016;-105;-0,016;;;;;;;;;;;;;;;;;;;;;;;;;;;;;;;;;;;;
;;;;430;0,277;;0,018;325;0,259;0,017;0,001;;0,26;;;;;;;;;;;;;;;;;;;;;;;;;;;;;;;;
;;;;;;;0,016;-105;-0,016;;;;;;;;;;;;;;;;;;;;;;;;;;;;;;;;;;;;
;;;;435;0,27;;0,017;330;0,253;0,016;0,001;;0,254;;;;;;;;;;;;;;;;;;;;;;;;;;;;;;;;
;;;;;;;0,015;-105;-0,015;;;;;;;;;;;;;;;;;;;;;;;;;;;;;;;;;;;;
;;;;440;0,263;;0,017;335;0,246;0,016333333;0,001;;0,246666667;;;;;;;;;;;;;;;;;;;;;;;;;;;;;;;;
;;;;;;;0,017;-105;-0,017;;;;;;;;;;;;;;;;;;;;;;;;;;;;;;;;;;;;
;;;;;;;0,015;-105;-0,015;;;;;;;;;;;;;;;;;;;;;;;;;;;;;;;;;;;;
;;;;445;0,256;;0,016;340;0,24;0,017;0,001;;0,239;;;;;;;;;;;;;;;;;;;;;;;;;;;;;;;;
;;;;;;;0,018;-105;-0,018;;;;;;;;;;;;;;;;;;;;;;;;;;;;;;;;;;;;
;;;;;;;0,017;-105;-0,017;;;;;;;;;;;;;;;;;;;;;;;;;;;;;;;;;;;;
;;;;450;0,249;;0,015;345;0,234;0,017;0,0015;;0,232;;;;;;;;;;;;;;;;;;;;;;;;;;;;;;;;
;;;;;;;0,018;-105;-0,018;;;;;;;;;;;;;;;;;;;;;;;;;;;;;;;;;;;;
;;;;;;;0,018;-105;-0,018;;;;;;;;;;;;;;;;;;;;;;;;;;;;;;;;;;;;
;;;;455;0,243;;0,015;350;0,228;0,016333333;0,001;;0,226666667;;;;;;;;;;;;;;;;;;;;;;;;;;;;;;;;
;;;;;;;0,017;-105;-0,017;;;;;;;;;;;;;;;;;;;;;;;;;;;;;;;;;;;;
;;;;;;;0,017;-105;-0,017;;;;;;;;;;;;;;;;;;;;;;;;;;;;;;;;;;;;
;;;;460;0,237;;0,015;355;0,222;0,016333333;0,001;;0,220666667;;;;;;;;;;;;;;;;;;;;;;;;;;;;;;;;
;;;;;;;0,017;-105;-0,017;;;;;;;;;;;;;;;;;;;;;;;;;;;;;;;;;;;;
;;;;;;;0,017;-105;-0,017;;;;;;;;;;;;;;;;;;;;;;;;;;;;;;;;;;;;
;;;;465;0,231;;0,015;360;0,216;0,016333333;0,001;;0,214666667;;;;;;;;;;;;;;;;;;;;;;;;;;;;;;;;
;;;;;;;0,017;-105;-0,017;;;;;;;;;;;;;;;;;;;;;;;;;;;;;;;;;;;;
;;;;;;;0,017;-105;-0,017;;;;;;;;;;;;;;;;;;;;;;;;;;;;;;;;;;;;
;;;;470;0,226;;0,015;365;0,211;0,016333333;0,001;;0,209666667;;;;;;;;;;;;;;;;;;;;;;;;;;;;;;;;
;;;;;;;0,017;-105;-0,017;;;;;;;;;;;;;;;;;;;;;;;;;;;;;;;;;;;;
;;;;;;;0,017;-105;-0,017;;;;;;;;;;;;;;;;;;;;;;;;;;;;;;;;;;;;
;;;;475;0,22;;0,015;370;0,205;0,016333333;0,001;;0,203666667;;;;;;;;;;;;;;;;;;;;;;;;;;;;;;;;
;;;;;;;0,017;-105;-0,017;;;;;;;;;;;;;;;;;;;;;;;;;;;;;;;;;;;;
;;;;;;;0,017;-105;-0,017;;;;;;;;;;;;;;;;;;;;;;;;;;;;;;;;;;;;
;;;;480;0,215;;0,015;375;0,2;0,016333333;0,001;;0,198666667;;;;;;;;;;;;;;;;;;;;;;;;;;;;;;;;
;;;;;;;0,017;-105;-0,017;;;;;;;;;;;;;;;;;;;;;;;;;;;;;;;;;;;;
;;;;;;;0,017;-105;-0,017;;;;;;;;;;;;;;;;;;;;;;;;;;;;;;;;;;;;
;;;;485;0,21;;0,015;380;0,195;0,016333333;0,001;;0,193666667;;;;;;;;;;;;;;;;;;;;;;;;;;;;;;;;
;;;;;;;0,017;-105;-0,017;;;;;;;;;;;;;;;;;;;;;;;;;;;;;;;;;;;;
;;;;;;;0,017;-105;-0,017;;;;;;;;;;;;;;;;;;;;;;;;;;;;;;;;;;;;
;;;;490;0,206;;0,015;385;0,191;0,016333333;0,001;;0,189666667;;;;;;;;;;;;;;;;;;;;;;;;;;;;;;;;
;;;;;;;0,017;-105;-0,017;;;;;;;;;;;;;;;;;;;;;;;;;;;;;;;;;;;;
;;;;;;;0,017;-105;-0,017;;;;;;;;;;;;;;;;;;;;;;;;;;;;;;;;;;;;
;;;;495;0,2;;0,015;390;0,185;0,016;0,001;;0,184;;;;;;;;;;;;;;;;;;;;;;;;;;;;;;;;
;;;;;;;0,016;-105;-0,016;;;;;;;;;;;;;;;;;;;;;;;;;;;;;;;;;;;;
;;;;;;;0,017;-105;-0,017;;;;;;;;;;;;;;;;;;;;;;;;;;;;;;;;;;;;
;;;;500;0,196;;0,015;395;0,181;0,016;0,001;;0,18;;;;;;;;;;;;;;;;;;;;;;;;;;;;;;;;
;;;;;;;0,016;-105;-0,016;;;;;;;;;;;;;;;;;;;;;;;;;;;;;;;;;;;;
;;;;;;;0,017;-105;-0,017;;;;;;;;;;;;;;;;;;;;;;;;;;;;;;;;;;;;
;;;;505;0,193;;0,015;400;0,178;0,016;0,001;;0,177;;;;;;;;;;;;;;;;;;;;;;;;;;;;;;;;
;;;;;;;0,016;-105;-0,016;;;;;;;;;;;;;;;;;;;;;;;;;;;;;;;;;;;;
;;;;;;;0,017;-105;-0,017;;;;;;;;;;;;;;;;;;;;;;;;;;;;;;;;;;;;
;;;;510;0,188;;0,015;405;0,173;0,016;0,001;;0,172;;;;;;;;;;;;;;;;;;;;;;;;;;;;;;;;
;;;;;;;0,016;-105;-0,016;;;;;;;;;;;;;;;;;;;;;;;;;;;;;;;;;;;;
;;;;;;;0,017;-105;-0,017;;;;;;;;;;;;;;;;;;;;;;;;;;;;;;;;;;;;
;;;;515;0,184;;0,015;410;0,169;0,015666667;0,0005;;0,168333333;;;;;;;;;;;;;;;;;;;;;;;;;;;;;;;;
;;;;;;;0,016;-105;-0,016;;;;;;;;;;;;;;;;;;;;;;;;;;;;;;;;;;;;
;;;;;;;0,016;-105;-0,016;;;;;;;;;;;;;;;;;;;;;;;;;;;;;;;;;;;;
;;;;520;0,18;;0,014;415;0,166;0,015333333;0,001;;0,164666667;;;;;;;;;;;;;;;;;;;;;;;;;;;;;;;;
;;;;;;;0,016;-105;-0,016;;;;;;;;;;;;;;;;;;;;;;;;;;;;;;;;;;;;
;;;;;;;0,016;-105;-0,016;;;;;;;;;;;;;;;;;;;;;;;;;;;;;;;;;;;;
;;;;525;0,176;;0,014;420;0,162;0,015333333;0,001;;0,160666667;;;;;;;;;;;;;;;;;;;;;;;;;;;;;;;;
;;;;;;;0,016;-105;-0,016;;;;;;;;;;;;;;;;;;;;;;;;;;;;;;;;;;;;
;;;;;;;0,016;-105;-0,016;;;;;;;;;;;;;;;;;;;;;;;;;;;;;;;;;;;;
;;;;530;0,172;;0,014;425;0,158;0,015333333;0,001;;0,156666667;;;;;;;;;;;;;;;;;;;;;;;;;;;;;;;;
;;;;;;;0,016;-105;-0,016;;;;;;;;;;;;;;;;;;;;;;;;;;;;;;;;;;;;
;;;;;;;0,016;-105;-0,016;;;;;;;;;;;;;;;;;;;;;;;;;;;;;;;;;;;;
;;;;535;0,168;;0,014;430;0,154;0,015333333;0,001;;0,152666667;;;;;;;;;;;;;;;;;;;;;;;;;;;;;;;;
;;;;;;;0,016;-105;-0,016;;;;;;;;;;;;;;;;;;;;;;;;;;;;;;;;;;;;
;;;;;;;0,016;-105;-0,016;;;;;;;;;;;;;;;;;;;;;;;;;;;;;;;;;;;;
;;;;540;0,165;;0,014;435;0,151;0,015;0,001;;0,15;;;;;;;;;;;;;;;;;;;;;;;;;;;;;;;;
;;;;;;;0,015;-105;-0,015;;;;;;;;;;;;;;;;;;;;;;;;;;;;;;;;;;;;
;;;;;;;0,016;-105;-0,016;;;;;;;;;;;;;;;;;;;;;;;;;;;;;;;;;;;;
;;;;545;0,161;;0,014;440;0,147;0,015333333;0,001;;0,145666667;;;;;;;;;;;;;;;;;;;;;;;;;;;;;;;;
;;;;;;;0,016;-105;-0,016;;;;;;;;;;;;;;;;;;;;;;;;;;;;;;;;;;;;
;;;;;;;0,016;-105;-0,016;;;;;;;;;;;;;;;;;;;;;;;;;;;;;;;;;;;;
;;;;550;0,158;;0,014;445;0,144;0,015;0,001;;0,143;;;;;;;;;;;;;;;;;;;;;;;;;;;;;;;;
;;;;;;;0,015;-105;-0,015;;;;;;;;;;;;;;;;;;;;;;;;;;;;;;;;;;;;
;;;;;;;0,016;-105;-0,016;;;;;;;;;;;;;;;;;;;;;;;;;;;;;;;;;;;;
;;;;555;0,155;;0,014;450;0,141;0,015;0,001;;0,14;;;;;;;;;;;;;;;;;;;;;;;;;;;;;;;;
;;;;;;;0,015;-105;-0,015;;;;;;;;;;;;;;;;;;;;;;;;;;;;;;;;;;;;
;;;;;;;0,016;-105;-0,016;;;;;;;;;;;;;;;;;;;;;;;;;;;;;;;;;;;;
;;;;560;0,151;;0,014;455;0,137;0,015333333;0,001;;0,135666667;;;;;;;;;;;;;;;;;;;;;;;;;;;;;;;;
;;;;;;;0,016;-105;-0,016;;;;;;;;;;;;;;;;;;;;;;;;;;;;;;;;;;;;
;;;;;;;0,016;-105;-0,016;;;;;;;;;;;;;;;;;;;;;;;;;;;;;;;;;;;;
;;;;565;0,149;;0,014;460;0,135;0,014666667;0,0005;;0,134333333;;;;;;;;;;;;;;;;;;;;;;;;;;;;;;;;
;;;;;;;0,015;-105;-0,015;;;;;;;;;;;;;;;;;;;;;;;;;;;;;;;;;;;;
;;;;;;;0,015;-105;-0,015;;;;;;;;;;;;;;;;;;;;;;;;;;;;;;;;;;;;
;;;;570;0,147;;0,014;465;0,133;0,014666667;0,0005;;0,132333333;;;;;;;;;;;;;;;;;;;;;;;;;;;;;;;;
;;;;;;;0,015;-105;-0,015;;;;;;;;;;;;;;;;;;;;;;;;;;;;;;;;;;;;
;;;;;;;0,015;-105;-0,015;;;;;;;;;;;;;;;;;;;;;;;;;;;;;;;;;;;;
;;;;580;0,141;;0,013;475;0,128;0,014333333;0,001;;0,126666667;;;;;;;;;;;;;;;;;;;;;;;;;;;;;;;;
;;;;;;;0,015;-105;-0,015;;;;;;;;;;;;;;;;;;;;;;;;;;;;;;;;;;;;
;;;;;;;0,015;-105;-0,015;;;;;;;;;;;;;;;;;;;;;;;;;;;;;;;;;;;;
;;;;590;0,136;;0,013;485;0,123;0,014333333;0,001;;0,121666667;;;;;;;;;;;;;;;;;;;;;;;;;;;;;;;;
;;;;;;;0,015;-105;-0,015;;;;;;;;;;;;;;;;;;;;;;;;;;;;;;;;;;;;
;;;;;;;0,015;-105;-0,015;;;;;;;;;;;;;;;;;;;;;;;;;;;;;;;;;;;;
;;;;600;0,131;;0,013;495;0,118;0,014333333;0,001;;0,116666667;;;;;;;;;;;;;;;;;;;;;;;;;;;;;;;;
;;;;;;;0,015;-105;-0,015;;;;;;;;;;;;;;;;;;;;;;;;;;;;;;;;;;;;
;;;;;;;0,015;-105;-0,015;;;;;;;;;;;;;;;;;;;;;;;;;;;;;;;;;;;;
;;;;610;0,126;;0,015;505;0,111;0,014666667;0,0005;;0,111333333;;;;;;;;;;;;;;;;;;;;;;;;;;;;;;;;
;;;;;;;0,014;-105;-0,014;;;;;;;;;;;;;;;;;;;;;;;;;;;;;;;;;;;;
;;;;;;;0,015;-105;-0,015;;;;;;;;;;;;;;;;;;;;;;;;;;;;;;;;;;;;
;;;;620;0,122;;0,013;515;0,109;0,014;0,001;;0,108;;;;;;;;;;;;;;;;;;;;;;;;;;;;;;;;
;;;;;;;0,014;-105;-0,014;;;;;;;;;;;;;;;;;;;;;;;;;;;;;;;;;;;;
;;;;;;;0,015;-105;-0,015;;;;;;;;;;;;;;;;;;;;;;;;;;;;;;;;;;;;
;;;;630;0,118;;0,013;525;0,105;0,013666667;0,0005;;0,104333333;;;;;;;;;;;;;;;;;;;;;;;;;;;;;;;;
;;;;;;;0,014;-105;-0,014;;;;;;;;;;;;;;;;;;;;;;;;;;;;;;;;;;;;
;;;;;;;0,014;-105;-0,014;;;;;;;;;;;;;;;;;;;;;;;;;;;;;;;;;;;;
;;;;640;0,115;;0,013;535;0,102;0,014;0,001;;0,101;;;;;;;;;;;;;;;;;;;;;;;;;;;;;;;;
;;;;;;;0,014;-105;-0,014;;;;;;;;;;;;;;;;;;;;;;;;;;;;;;;;;;;;
;;;;;;;0,015;-105;-0,015;;;;;;;;;;;;;;;;;;;;;;;;;;;;;;;;;;;;
;;;;650;0,111;;0,013;545;0,098;0,013666667;0,0005;;0,097333333;;;;;;;;;;;;;;;;;;;;;;;;;;;;;;;;
;;;;;;;0,014;-105;-0,014;;;;;;;;;;;;;;;;;;;;;;;;;;;;;;;;;;;;
;;;;;;;0,014;-105;-0,014;;;;;;;;;;;;;;;;;;;;;;;;;;;;;;;;;;;;
;;;;660;0,107;;0,013;555;0,094;0,013666667;0,0005;;0,093333333;;;;;;;;;;;;;;;;;;;;;;;;;;;;;;;;
;;;;;;;0,014;-105;-0,014;;;;;;;;;;;;;;;;;;;;;;;;;;;;;;;;;;;;
;;;;;;;0,014;-105;-0,014;;;;;;;;;;;;;;;;;;;;;;;;;;;;;;;;;;;;
;;;;670;0,104;;0,012;565;0,092;0,012666667;0,0005;;0,091333333;;;;;;;;;;;;;;;;;;;;;;;;;;;;;;;;
;;;;;;;0,013;-105;-0,013;;;;;;;;;;;;;;;;;;;;;;;;;;;;;;;;;;;;
;;;;;;;0,013;-105;-0,013;;;;;;;;;;;;;;;;;;;;;;;;;;;;;;;;;;;;
;;;;680;0,101;;0,012;575;0,089;0,012666667;0,0005;;0,088333333;;;;;;;;;;;;;;;;;;;;;;;;;;;;;;;;
;;;;;;;0,013;-105;-0,013;;;;;;;;;;;;;;;;;;;;;;;;;;;;;;;;;;;;
;;;;;;;0,013;-105;-0,013;;;;;;;;;;;;;;;;;;;;;;;;;;;;;;;;;;;;
;;;;690;0,098;;0,012;585;0,086;0,012666667;0,0005;;0,085333333;;;;;;;;;;;;;;;;;;;;;;;;;;;;;;;;
;;;;;;;0,013;-105;-0,013;;;;;;;;;;;;;;;;;;;;;;;;;;;;;;;;;;;;
;;;;;;;0,013;-105;-0,013;;;;;;;;;;;;;;;;;;;;;;;;;;;;;;;;;;;;
;;;;700;0,095;;0,012;595;0,083;0,012666667;0,0005;;0,082333333;;;;;;;;;;;;;;;;;;;;;;;;;;;;;;;;
;;;;;;;0,013;-105;-0,013;;;;;;;;;;;;;;;;;;;;;;;;;;;;;;;;;;;;
;;;;;;;0,013;-105;-0,013;;;;;;;;;;;;;;;;;;;;;;;;;;;;;;;;;;;;
;;;;720;0,0903;;0,0125;615;0,0778;0,012966667;0,0004;;0,077333333;;;;;;;;;;;;;;;;;;;;;;;;;;;;;;;;
;;;;;;;0,0131;-105;-0,0131;;;;;;;;;;;;;;;;;;;;;;;;;;;;;;;;;;;;
;;;;;;;0,0133;-105;-0,0133;;;;;;;;;;;;;;;;;;;;;;;;;;;;;;;;;;;;
;;;;740;0,0854;;0,0122;635;0,0732;0,012666667;0,0004;;0,072733333;;;;;;;;;;;;;;;;;;;;;;;;;;;;;;;;
;;;;;;;0,0128;-105;-0,0128;;;;;;;;;;;;;;;;;;;;;;;;;;;;;;;;;;;;
;;;;;;;0,013;-105;-0,013;;;;;;;;;;;;;;;;;;;;;;;;;;;;;;;;;;;;
;;;;760;0,0809;;0,0118;655;0,0691;0,012133333;0,00035;;0,068766667;;;;;;;;;;;;;;;;;;;;;;;;;;;;;;;;
;;;;;;;0,0125;-105;-0,0125;;;;;;;;;;;;;;;;;;;;;;;;;;;;;;;;;;;;
;;;;;;;0,0121;-105;-0,0121;;;;;;;;;;;;;;;;;;;;;;;;;;;;;;;;;;;;
;;;;780;0,0768;;0,0116;675;0,0652;0,012033333;0,00035;;0,064766667;;;;;;;;;;;;;;;;;;;;;;;;;;;;;;;;
;;;;;;;0,0122;-105;-0,0122;;;;;;;;;;;;;;;;;;;;;;;;;;;;;;;;;;;;
;;;;;;;0,0123;-105;-0,0123;;;;;;;;;;;;;;;;;;;;;;;;;;;;;;;;;;;;
;;;;800;0,0729;;0,0113;695;0,0616;0,011733333;0,00035;;0,061166667;;;;;;;;;;;;;;;;;;;;;;;;;;;;;;;;
;;;;;;;0,0119;-105;-0,0119;;;;;;;;;;;;;;;;;;;;;;;;;;;;;;;;;;;;
;;;;;;;0,012;-105;-0,012;;;;;;;;;;;;;;;;;;;;;;;;;;;;;;;;;;;;
;;;;820;0,0693;;0,0111;715;0,0582;0,011466667;0,0003;;0,057833333;;;;;;;;;;;;;;;;;;;;;;;;;;;;;;;;
;;;;;;;0,0116;-105;-0,0116;;;;;;;;;;;;;;;;;;;;;;;;;;;;;;;;;;;;
;;;;;;;0,0117;-105;-0,0117;;;;;;;;;;;;;;;;;;;;;;;;;;;;;;;;;;;;
;;;;840;0,066;;0,0108;735;0,0552;0,011166667;0,0003;;0,054833333;;;;;;;;;;;;;;;;;;;;;;;;;;;;;;;;
;;;;;;;0,0113;-105;-0,0113;;;;;;;;;;;;;;;;;;;;;;;;;;;;;;;;;;;;
;;;;;;;0,0114;-105;-0,0114;;;;;;;;;;;;;;;;;;;;;;;;;;;;;;;;;;;;
;;;;860;0,063;;0,0105;755;0,0525;0,010866667;0,0003;;0,052133333;;;;;;;;;;;;;;;;;;;;;;;;;;;;;;;;
;;;;;;;0,011;-105;-0,011;;;;;;;;;;;;;;;;;;;;;;;;;;;;;;;;;;;;
;;;;;;;0,0111;-105;-0,0111;;;;;;;;;;;;;;;;;;;;;;;;;;;;;;;;;;;;
;;;;880;0,0603;;0,0102;775;0,0501;0,010566667;0,0003;;0,049733333;;;;;;;;;;;;;;;;;;;;;;;;;;;;;;;;
;;;;;;;0,0107;-105;-0,0107;;;;;;;;;;;;;;;;;;;;;;;;;;;;;;;;;;;;
;;;;;;;0,0108;-105;-0,0108;;;;;;;;;;;;;;;;;;;;;;;;;;;;;;;;;;;;
;;;;900;0,0578;;0,0101;795;0,0477;0,010366667;0,0002;;0,047433333;;;;;;;;;;;;;;;;;;;;;;;;;;;;;;;;
;;;;;;;0,0105;-105;-0,0105;;;;;;;;;;;;;;;;;;;;;;;;;;;;;;;;;;;;
;;;;;;;0,0105;-105;-0,0105;;;;;;;;;;;;;;;;;;;;;;;;;;;;;;;;;;;;
;;;;930;0,0541;;0,0097;825;0,0444;0,009966667;0,0002;;0,044133333;;;;;;;;;;;;;;;;;;;;;;;;;;;;;;;;
;;;;;;;0,0101;-105;-0,0101;;;;;;;;;;;;;;;;;;;;;;;;;;;;;;;;;;;;
;;;;;;;0,0101;-105;-0,0101;;;;;;;;;;;;;;;;;;;;;;;;;;;;;;;;;;;;
;;;;960;0,0507;;0,0092;855;0,0415;0,0096;0,00035;;0,0411;;;;;;;;;;;;;;;;;;;;;;;;;;;;;;;;
;;;;;;;0,0097;-105;-0,0097;;;;;;;;;;;;;;;;;;;;;;;;;;;;;;;;;;;;
;;;;;;;0,0099;-105;-0,0099;;;;;;;;;;;;;;;;;;;;;;;;;;;;;;;;;;;;
;;;;990;0,0476;;0,009;885;0,0386;0,009233333;0,0002;;0,038366667;;;;;;;;;;;;;;;;;;;;;;;;;;;;;;;;
;;;;;;;0,0093;-105;-0,0093;;;;;;;;;;;;;;;;;;;;;;;;;;;;;;;;;;;;
;;;;;;;0,0094;-105;-0,0094;;;;;;;;;;;;;;;;;;;;;;;;;;;;;;;;;;;;
;;;;1020;0,0449;;0,0087;915;0,0362;0,008933333;0,0002;;0,035966667;;;;;;;;;;;;;;;;;;;;;;;;;;;;;;;;
;;;;;;;0,009;-105;-0,009;;;;;;;;;;;;;;;;;;;;;;;;;;;;;;;;;;;;
;;;;;;;0,0091;-105;-0,0091;;;;;;;;;;;;;;;;;;;;;;;;;;;;;;;;;;;;
;;;;1050;0,0424;;0,0083;945;0,0341;0,008566667;0,0002;;0,033833333;;;;;;;;;;;;;;;;;;;;;;;;;;;;;;;;
;;;;;;;0,0087;-105;-0,0087;;;;;;;;;;;;;;;;;;;;;;;;;;;;;;;;;;;;
;;;;;;;0,0087;-105;-0,0087;;;;;;;;;;;;;;;;;;;;;;;;;;;;;;;;;;;;
;;;;1100;0,0387;;0,0078;995;0,0309;0,008033333;0,0002;;0,030666667;;;;;;;;;;;;;;;;;;;;;;;;;;;;;;;;
;;;;;;;0,0081;-105;-0,0081;;;;;;;;;;;;;;;;;;;;;;;;;;;;;;;;;;;;
;;;;;;;0,0082;-105;-0,0082;;;;;;;;;;;;;;;;;;;;;;;;;;;;;;;;;;;;
;;;;1150;0,0355;;0,0074;1045;0,0281;0,007633333;0,0002;;0,027866667;;;;;;;;;;;;;;;;;;;;;;;;;;;;;;;;
;;;;;;;0,0077;-105;-0,0077;;;;;;;;;;;;;;;;;;;;;;;;;;;;;;;;;;;;
;;;;;;;0,0078;-105;-0,0078;;;;;;;;;;;;;;;;;;;;;;;;;;;;;;;;;;;;
;;;;1200;0,0326;;0,007;1095;0,0256;0,0072;0,00015;;0,0254;;;;;;;;;;;;;;;;;;;;;;;;;;;;;;;;
;;;;;;;0,0073;-105;-0,0073;;;;;;;;;;;;;;;;;;;;;;;;;;;;;;;;;;;;
;;;;;;;0,0073;-105;-0,0073;;;;;;;;;;;;;;;;;;;;;;;;;;;;;;;;;;;;
;;;;1250;0,0302;;0,0066;1145;0,0236;0,0068;0,00015;;0,0234;;;;;;;;;;;;;;;;;;;;;;;;;;;;;;;;
;;;;;;;0,0069;-105;-0,0069;;;;;;;;;;;;;;;;;;;;;;;;;;;;;;;;;;;;
;;;;;;;0,0069;-105;-0,0069;;;;;;;;;;;;;;;;;;;;;;;;;;;;;;;;;;;;
;;;;1300;0,028;;0,0063;1195;0,0217;0,006466667;0,00015;;0,021533333;;;;;;;;;;;;;;;;;;;;;;;;;;;;;;;;
;;;;;;;0,0065;-105;-0,0065;;;;;;;;;;;;;;;;;;;;;;;;;;;;;;;;;;;;
;;;;;;;0,0066;-105;-0,0066;;;;;;;;;;;;;;;;;;;;;;;;;;;;;;;;;;;;
;;;;1400;0,0243;;0,0057;1295;0,0186;0,005866667;0,00015;;0,018433333;;;;;;;;;;;;;;;;;;;;;;;;;;;;;;;;
;;;;;;;0,0059;-105;-0,0059;;;;;;;;;;;;;;;;;;;;;;;;;;;;;;;;;;;;
;;;;;;;0,006;-105;-0,006;;;;;;;;;;;;;;;;;;;;;;;;;;;;;;;;;;;;
;;;;1500;0,0214;;0,0051;1395;0,0163;0,005366667;0,00025;;0,016033333;;;;;;;;;;;;;;;;;;;;;;;;;;;;;;;;
;;;;;;;0,0054;-105;-0,0054;;;;;;;;;;;;;;;;;;;;;;;;;;;;;;;;;;;;
;;;;;;;0,0056;-105;-0,0056;;;;;;;;;;;;;;;;;;;;;;;;;;;;;;;;;;;;
;;;;1600;0,0189;;0,0048;1495;0,0141;0,004966667;0,00015;;0,013933333;;;;;;;;;;;;;;;;;;;;;;;;;;;;;;;;
;;;;;;;0,005;-105;-0,005;;;;;;;;;;;;;;;;;;;;;;;;;;;;;;;;;;;;
;;;;;;;0,0051;-105;-0,0051;;;;;;;;;;;;;;;;;;;;;;;;;;;;;;;;;;;;
;;;;1700;0,0169;;0,0045;1595;0,0124;0,004633333;0,00015;;0,012266667;;;;;;;;;;;;;;;;;;;;;;;;;;;;;;;;
;;;;;;;0,0046;-105;-0,0046;;;;;;;;;;;;;;;;;;;;;;;;;;;;;;;;;;;;
;;;;;;;0,0048;-105;-0,0048;;;;;;;;;;;;;;;;;;;;;;;;;;;;;;;;;;;;
;;;;1800;0,0152;;0,0041;1695;0,0111;0,004233333;0,00015;;0,010966667;;;;;;;;;;;;;;;;;;;;;;;;;;;;;;;;
;;;;;;;0,0042;-105;-0,0042;;;;;;;;;;;;;;;;;;;;;;;;;;;;;;;;;;;;
;;;;;;;0,0044;-105;-0,0044;;;;;;;;;;;;;;;;;;;;;;;;;;;;;;;;;;;;
;;;;1900;0,0139;;0,0038;1795;0,0101;0,003966667;0,00015;;0,009933333;;;;;;;;;;;;;;;;;;;;;;;;;;;;;;;;
;;;;;;;0,004;-105;-0,004;;;;;;;;;;;;;;;;;;;;;;;;;;;;;;;;;;;;
;;;;;;;0,0041;-105;-0,0041;;;;;;;;;;;;;;;;;;;;;;;;;;;;;;;;;;;;
;;;;1970;0,013;;0,0035;1865;0,0095;0,0037;0,0002;;0,0093;;;;;;;;;;;;;;;;;;;;;;;;;;;;;;;;
;;;;;;;0,0037;-105;-0,0037;;;;;;;;;;;;;;;;;;;;;;;;;;;;;;;;;;;;
;;;;;;;0,0039;-105;-0,0039;;;;;;;;;;;;;;;;;;;;;;;;;;;;;;;;;;;;
