x_raw;Vdir-Vfondo;Err v fondo;;
179;7,8100;0,0100;;
180;7,5000;0,0100;;
181;7,2200;0,0100;;
182;6,7300;0,0100;;
183;6,4200;0,0100;;
184;6,1500;0,0100;;
185;5,9000;0,0100;;
186;5,7100;0,0100;;
187;5,5500;0,0100;;
188;5,3700;0,0100;;
189;5,2400;0,0100;;
190;5,1400;0,0100;;
191;4,9800;0,0100;;
192;4,8500;0,0100;;
193;4,8400;0,0100;;
194;4,6000;0,0100;;
195;4,4500;0,0100;;
196;4,2900;0,0100;;
197;4,2000;0,0100;;
198;4,0800;0,0100;;
199;4,0700;0,0100;;
200;3,9400;0,0100;;
201;3,8300;0,0100;;
202;3,7300;0,0100;;
203;3,6300;0,0100;;
204;3,5500;0,0100;;
205;3,4700;0,0100;;
206;3,3800;0,0100;;
207;3,3100;0,0100;;
208;3,2400;0,0100;;
209;3,1800;0,0100;;
210;3,1000;0,0100;;
211;3,0500;0,0100;;
212;3,0000;0,0100;;
213;2,9100;0,0100;;
214;2,8300;0,0100;;
215;2,7400;0,0100;;
216;2,6600;0,0100;;
217;2,5900;0,0100;;
218;2,5300;0,0100;;
219;2,4700;0,0100;;
220;2,4300;0,0100;;
221;2,3800;0,0100;;
222;2,3400;0,0100;;
223;2,2900;0,0100;;
224;2,2600;0,0100;;
225;2,1800;0,0100;;
226;2,1400;0,0100;;
227;2,1100;0,0100;;
228;2,0700;0,0100;;
229;2,0600;0,0100;;
231;1,9900;0,0100;;
233;1,9300;0,0100;;
235;1,8700;0,0100;;
237;1,8000;0,0100;;
239;1,7600;0,0100;;
241;1,7000;0,0100;;
243;1,6600;0,0100;;
245;1,6000;0,0100;;
247;1,5600;0,0100;;
249;1,5200;0,0100;;
251;1,4700;0,0100;;
253;1,4300;0,0100;;
255;1,3900;0,0100;;
257;1,3600;0,0100;;
259;1,3200;0,0100;;
261;1,2900;0,0100;;
263;1,2600;0,0100;;
265;1,2300;0,0100;;
267;1,1900;0,0100;;
269;1,1600;0,0100;;
271;1,1300;0,0100;;
273;1,1100;0,0100;;
275;1,0800;0,0100;;
277;1,0600;0,0100;;
279;1,0300;0,0100;;
281;1,0100;0,0100;;
283;0,9900;0,0100;;
285;0,9703;0,0030;;
287;0,9533;0,0025;;
289;0,9350;0,0030;;
291;0,9170;0,0030;;
293;0,9023;0,0030;;
295;0,8877;0,0035;;
297;0,8430;0,0030;;
299;0,8190;0,0030;;
301;0,7987;0,0030;;
303;0,7713;0,0025;;
305;0,7547;0,0030;;
307;0,7383;0,0025;;
309;0,7223;0,0030;;
311;0,7077;0,0030;;
313;0,6950;0,0025;;
315;0,6837;0,0030;;
317;0,6680;0,0030;;
319;0,6550;0,0025;;
321;0,6430;0,0030;;
323;0,6307;0,0030;;
325;0,6200;0,0030;;
327;0,6077;0,0030;;
329;0,6037;0,0030;;
331;0,5987;0,0030;;
333;0,5947;0,0030;;
335;0,5857;0,0030;;
337;0,5757;0,0030;;
339;0,5657;0,0030;;
341;0,5557;0,0030;;
343;0,5457;0,0030;;
345;0,5443;0,0025;;
347;0,5357;0,0030;;
349;0,5263;0,0025;;
351;0,5180;0,0030;;
353;0,5093;0,0025;;
355;0,5017;0,0015;;
357;0,4937;0,0015;;
359;0,4860;0,0020;;
361;0,4773;0,0015;;
363;0,4720;0,0020;;
365;0,4640;0,0020;;
367;0,4570;0,0020;;
369;0,4470;0,0020;;
371;0,4400;0,0020;;
373;0,4323;0,0025;;
375;0,4263;0,0025;;
377;0,4110;0,0025;;
379;0,4057;0,0020;;
381;0,3937;0,0020;;
383;0,3873;0,0025;;
385;0,3830;0,0025;;
387;0,3767;0,0020;;
389;0,3720;0,0025;;
391;0,3667;0,0020;;
393;0,3617;0,0020;;
395;0,3567;0,0020;;
397;0,3517;0,0020;;
399;0,3450;0,0025;;
401;0,3397;0,0020;;
403;0,3357;0,0020;;
405;0,3310;0,0025;;
407;0,3260;0,0025;;
409;0,3230;0,0025;;
411;0,3187;0,0020;;
413;0,3120;0,0025;;
415;0,3077;0,0020;;
417;0,3037;0,0020;;
419;0,3010;0,0025;;
421;0,2940;0,0025;;
423;0,2917;0,0020;;
425;0,2873;0,0020;;
427;0,2850;0,0020;;
429;0,2813;0,0025;;
434;0,2677;0,0020;;
439;0,2603;0,0015;;
444;0,2530;0,0015;;
449;0,2487;0,0020;;
454;0,2463;0,0020;;
459;0,2327;0,0020;;
464;0,2343;0,0059;;
469;0,2187;0,0020;;
474;0,2127;0,0010;;
479;0,2090;0,0015;;
484;0,2010;0,0015;;
489;0,1960;0,0015;;
494;0,1907;0,0010;;
499;0,1857;0,0010;;
504;0,1820;0,0015;;
509;0,1770;0,0015;;
514;0,1730;0,0015;;
519;0,1680;0,0015;;
524;0,1640;0,0015;;
529;0,1600;0,0015;;
534;0,1573;0,0015;;
539;0,1537;0,0020;;
544;0,1536;0,0054;;
549;0,1460;0,0015;;
554;0,1427;0,0010;;
559;0,1400;0,0015;;
564;0,1367;0,0010;;
569;0,1347;0,0010;;
574;0,1317;0,0010;;
579;0,1287;0,0010;;
589;0,1202;0,0014;;
599;0,1148;0,0017;;
609;0,1102;0,0013;;
619;0,1058;0,0012;;
629;0,1022;0,0019;;
639;0,0971;0,0015;;
649;0,0955;0,0013;;
659;0,0924;0,0014;;
669;0,0893;0,0011;;
679;0,0852;0,0012;;
689;0,0823;0,0012;;
699;0,0789;0,0012;;
709;0,0759;0,0019;;
719;0,0730;0,0013;;
729;0,0706;0,0012;;
739;0,0684;0,0013;;
749;0,0664;0,0020;;
759;0,0641;0,0013;;
769;0,0619;0,0012;;
779;0,0602;0,0010;;
799;0,0574;0,0010;;
819;0,0553;0,0009;;
839;0,0525;0,0013;;
859;0,0508;0,0013;;
879;0,0479;0,0010;;
899;0,0457;0,0012;;
919;0,0444;0,0012;;
939;0,0425;0,0015;;
959;0,0404;0,0013;;
979;0,0380;0,0010;;
1029;0,0343;0,0011;;
1079;0,0307;0,0008;;
1129;0,0289;0,0010;;
1179;0,0265;0,0010;;
1229;0,0246;0,0009;;
1279;0,0222;0,0009;;
1329;0,0210;0,0010;;
1379;0,0192;0,0007;;
1429;0,0177;0,0007;;
1479;0,0165;0,0008;;
1529;0,0156;0,0010;;
1579;0,0145;0,0006;;
1629;0,0135;0,0008;;
1679;0,0125;0,0007;;
1729;0,0121;0,0008;;
1779;0,0113;0,0005;;
1829;0,0105;0,0006;;
1879;0,0102;0,0005;;
1929;0,0095;0,0004;;
1975,5;0,0090;0,0003;;