x [mm];V_dir [V];V_fondo1 [V];V_fondo2 [V];V_fondo3 [V]
179,0;7,82;0,01;;
180,0;7,51;0,01;;
181,0;7,23;0,01;;
182,0;6,74;0,01;;
183,0;6,43;0,01;;
184,0;6,16;0,01;;
185,0;5,91;0,01;;
186,0;5,72;0,01;;
187,0;5,56;0,01;;
188,0;5,38;0,01;;
189,0;5,25;0,01;;
190,0;5,15;0,01;;
191,0;4,99;0,01;;
192,0;4,86;0,01;;
193,0;4,85;0,01;;
194,0;4,61;0,01;;
195,0;4,46;0,01;;
196,0;4,3;0,01;;
197,0;4,21;0,01;;
198,0;4,09;0,01;;
199,0;4,08;0,01;;
200,0;3,95;0,01;;
201,0;3,84;0,01;;
202,0;3,74;0,01;;
203,0;3,64;0,01;;
204,0;3,56;0,01;;
205,0;3,48;0,01;;
206,0;3,39;0,01;;
207,0;3,32;0,01;;
208,0;3,25;0,01;;
209,0;3,19;0,01;;
210,0;3,11;0,01;;
211,0;3,06;0,01;;
212,0;3,01;0,01;;
213,0;2,92;0,01;;
214,0;2,84;0,01;;
215,0;2,75;0,01;;
216,0;2,67;0,01;;
217,0;2,6;0,01;;
218,0;2,54;0,01;;
219,0;2,48;0,01;;
220,0;2,44;0,01;;
221,0;2,39;0,01;;
222,0;2,35;0,01;;
223,0;2,3;0,01;;
224,0;2,27;0,01;;
225,0;2,19;0,01;;
226,0;2,15;0,01;;
227,0;2,12;0,01;;
228,0;2,08;0,01;;
229,0;2,07;0,01;;
231,0;2,0;0,01;;
233,0;1,94;0,01;;
235,0;1,88;0,01;;
237,0;1,81;0,01;;
239,0;1,77;0,01;;
241,0;1,71;0,01;;
243,0;1,67;0,01;;
245,0;1,61;0,01;;
247,0;1,57;0,01;;
249,0;1,53;0,01;;
251,0;1,48;0,01;;
253,0;1,44;0,01;;
255,0;1,4;0,01;;
257,0;1,37;0,01;;
259,0;1,33;0,01;;
261,0;1,3;0,01;;
263,0;1,27;0,01;;
265,0;1,24;0,01;;
267,0;1,2;0,01;;
269,0;1,17;0,01;;
271,0;1,14;0,01;;
273,0;1,12;0,01;;
275,0;1,09;0,01;;
277,0;1,07;0,01;;
279,0;1,04;0,01;;
281,0;1,02;0,01;;
283,0;1,0;0,01;;
285,0;0,983;0,016;0,012;0,01
287,0;0,967;0,011;0,014;0,016
289,0;0,949;0,011;0,014;0,017
291,0;0,93;0,01;0,013;0,016
293,0;0,916;0,01;0,015;0,016
295,0;0,9;0,01;0,01;0,017
297,0;0,856;0,01;0,013;0,016
299,0;0,832;0,01;0,013;0,016
301,0;0,812;0,01;0,014;0,016
303,0;0,784;0,01;0,013;0,015
305,0;0,767;0,009;0,015;0,013
307,0;0,751;0,01;0,013;0,015
309,0;0,735;0,009;0,014;0,015
311,0;0,72;0,009;0,013;0,015
313,0;0,708;0,01;0,014;0,015
315,0;0,696;0,009;0,013;0,015
317,0;0,68;0,009;0,012;0,015
319,0;0,668;0,01;0,014;0,015
321,0;0,655;0,009;0,012;0,015
323,0;0,643;0,009;0,013;0,015
325,0;0,632;0,009;0,012;0,015
327,0;0,62;0,009;0,013;0,015
329,0;0,616;0,009;0,013;0,015
331,0;0,611;0,009;0,013;0,015
333,0;0,607;0,009;0,013;0,015
335,0;0,598;0,009;0,013;0,015
337,0;0,588;0,009;0,013;0,015
339,0;0,578;0,009;0,013;0,015
341,0;0,568;0,009;0,013;0,015
343,0;0,558;0,009;0,013;0,015
345,0;0,557;0,01;0,013;0,015
347,0;0,548;0,009;0,013;0,015
349,0;0,539;0,01;0,013;0,015
351,0;0,53;0,009;0,012;0,015
353,0;0,522;0,01;0,013;0,015
355,0;0,515;0,013;0,012;0,015
357,0;0,506;0,011;0,012;0,014
359,0;0,499;0,011;0,013;0,015
361,0;0,491;0,012;0,014;0,015
363,0;0,485;0,011;0,013;0,015
365,0;0,477;0,011;0,013;0,015
367,0;0,47;0,011;0,013;0,015
369,0;0,46;0,011;0,013;0,015
371,0;0,453;0,011;0,013;0,015
373,0;0,445;0,01;0,013;0,015
375,0;0,439;0,01;0,013;0,015
377,0;0,424;0,01;0,014;0,015
379,0;0,418;0,01;0,013;0,014
381,0;0,406;0,01;0,013;0,014
383,0;0,4;0,013;0,01;0,015
385,0;0,395;0,009;0,013;0,014
387,0;0,389;0,01;0,013;0,014
389,0;0,384;0,009;0,013;0,014
391,0;0,379;0,01;0,013;0,014
393,0;0,374;0,01;0,013;0,014
395,0;0,369;0,01;0,013;0,014
397,0;0,364;0,01;0,013;0,014
399,0;0,357;0,009;0,013;0,014
401,0;0,352;0,01;0,013;0,014
403,0;0,348;0,01;0,013;0,014
405,0;0,343;0,009;0,013;0,014
407,0;0,338;0,009;0,013;0,014
409,0;0,335;0,009;0,013;0,014
411,0;0,331;0,01;0,013;0,014
413,0;0,324;0,009;0,013;0,014
415,0;0,32;0,01;0,013;0,014
417,0;0,316;0,01;0,013;0,014
419,0;0,313;0,009;0,013;0,014
421,0;0,306;0,009;0,013;0,014
423,0;0,304;0,01;0,013;0,014
425,0;0,299;0,009;0,013;0,013
427,0;0,297;0,01;0,012;0,014
429,0;0,293;0,009;0,012;0,014
434,0;0,279;0,009;0,012;0,013
439,0;0,272;0,01;0,012;0,013
444,0;0,265;0,01;0,013;0,013
449,0;0,26;0,009;0,012;0,013
454,0;0,258;0,009;0,013;0,013
459,0;0,244;0,009;0,012;0,013
464,0;0,242;0,009;0,0012;0,013
469,0;0,23;0,009;0,012;0,013
474,0;0,224;0,012;0,01;0,012
479,0;0,22;0,009;0,012;0,012
484,0;0,212;0,009;0,012;0,012
489,0;0,207;0,009;0,012;0,012
494,0;0,202;0,01;0,012;0,012
499,0;0,197;0,01;0,012;0,012
504,0;0,193;0,009;0,012;0,012
509,0;0,188;0,009;0,012;0,012
514,0;0,184;0,009;0,012;0,012
519,0;0,179;0,009;0,012;0,012
524,0;0,175;0,009;0,012;0,012
529,0;0,171;0,009;0,012;0,012
534,0;0,168;0,009;0,011;0,012
539,0;0,164;0,008;0,011;0,012
544,0;0,161;0,009;0,0012;0,012
549,0;0,157;0,009;0,012;0,012
554,0;0,153;0,009;0,011;0,011
559,0;0,15;0,008;0,011;0,011
564,0;0,147;0,009;0,011;0,011
569,0;0,145;0,009;0,011;0,011
574,0;0,142;0,009;0,011;0,011
579,0;0,139;0,009;0,011;0,011
589,0;0,1305;0,0085;0,0111;0,0112
599,0;0,1251;0,0081;0,0114;0,0114
609,0;0,1204;0,0085;0,0111;0,0111
619,0;0,116;0,0087;0,011;0,011
629,0;0,1117;0,0071;0,0106;0,0108
639,0;0,107;0,008;0,0107;0,011
649,0;0,1055;0,0083;0,0108;0,0108
659,0;0,1021;0,0079;0,0106;0,0106
669,0;0,099;0,0082;0,0104;0,0104
679,0;0,0948;0,008;0,0103;0,0104
689,0;0,0918;0,0079;0,0102;0,0103
699,0;0,0881;0,0077;0,0099;0,0101
709,0;0,0844;0,0061;0,0097;0,0098
719,0;0,0819;0,0072;0,0096;0,0098
729,0;0,0794;0,0073;0,0095;0,0096
739,0;0,077;0,0069;0,0093;0,0095
749,0;0,0744;0,0053;0,0093;0,0093
759,0;0,0724;0,0066;0,0091;0,0092
769,0;0,0701;0,0067;0,0089;0,009
779,0;0,0683;0,0069;0,0088;0,0087
799,0;0,0657;0,007;0,0088;0,009
819,0;0,0634;0,0069;0,0086;0,0087
839,0;0,0603;0,0062;0,0084;0,0087
859,0;0,0582;0,0058;0,0082;0,0083
879,0;0,0553;0,0061;0,008;0,0081
899,0;0,0527;0,0055;0,0077;0,0079
919,0;0,0514;0,0055;0,0077;0,0078
939,0;0,049;0,0046;0,0074;0,0075
959,0;0,0467;0,0047;0,0071;0,0072
979,0;0,0443;0,0051;0,0069;0,007
1029,0;0,0401;0,0045;0,0064;0,0066
1079,0;0,0365;0,0048;0,0062;0,0063
1129,0;0,0341;0,0058;0,0059;0,0039
1179,0;0,0314;0,0036;0,0055;0,006
1229,0;0,0294;0,0037;0,0052;0,0054
1279,0;0,0266;0,0034;0,0048;0,0051
1329,0;0,0251;0,0029;0,0047;0,0048
1379,0;0,0233;0,0033;0,0044;0,0046
1429,0;0,0215;0,003;0,0041;0,0043
1479,0;0,0201;0,0027;0,004;0,0042
1529,0;0,0188;0,002;0,0038;0,0039
1579,0;0,0176;0,0025;0,0033;0,0036
1629,0;0,0166;0,0021;0,0035;0,0037
1679,0;0,0156;0,0023;0,0034;0,0036
1729,0;0,0151;0,002;0,0034;0,0036
1779,0;0,0144;0,0025;0,0032;0,0035
1829,0;0,0135;0,0023;0,0032;0,0035
1879,0;0,0131;0,0023;0,0031;0,0032
1929,0;0,0124;0,0024;0,003;0,0032
1975,5;0,0119;0,0026;0,003;0,0031
