x [mm];x0 [mm];V_dir [V];V_fondo1 [V];V_fondo2 [V];V_fondo3 [V];Media V_fondo [V];σ V_fondo [V];r [mm];1/r² [1/mm²];V = V_dir − V_fondo [V]
;;;;;;7,2;0,002886751;148,6583333;4,52503E-05;7,2
;;;;;;7,05;0,005773503;149,6583333;4,46476E-05;7,05
;;;;;;6,855;0,002886751;150,6583333;4,40569E-05;6,855
;;;;;;6,67;0,002886751;151,6583333;4,34778E-05;6,67
;;;;;;6,473333333;0,002886751;152,6583333;4,291E-05;6,473333333
;;;;;;6,283333333;0,002886751;153,6583333;4,23533E-05;6,283333333
;;;;;;6,073333333;0,002886751;154,6583333;4,18074E-05;6,073333333
;;;;;;5,93;0,002886751;155,6583333;4,1272E-05;5,93
;;;;;;5,723333333;0,002886751;156,6583333;4,07468E-05;5,723333333
;;;;;;5,573333333;0,002886751;157,6583333;4,02315E-05;5,573333333
;;;;;;5,413333333;0,005773503;158,6583333;3,97259E-05;5,413333333
;;;;;;5,266666667;0,002886751;159,6583333;3,92299E-05;5,266666667
;;;;;;5,133333333;0,002886751;160,6583333;3,8743E-05;5,133333333
;;;;;;5,003333333;0,002886751;161,6583333;3,82652E-05;5,003333333
;;;;;;4,856666667;0,002886751;162,6583333;3,77961E-05;4,856666667
;;;;;;4,743333333;0,002886751;163,6583333;3,73357E-05;4,743333333
;;;;;;4,636666667;0,002886751;164,6583333;3,68835E-05;4,636666667
;;;;;;4,493333333;0,002886751;165,6583333;3,64396E-05;4,493333333
;;;;;;4,413333333;0,002886751;166,6583333;3,60036E-05;4,413333333
;;;;;;4,29;0,002886751;167,6583333;3,55754E-05;4,29
;;;;;;4,2;0,002886751;168,6583333;3,51548E-05;4,2
;;;;;;4,1;0,002886751;169,6583333;3,47416E-05;4,1
;;;;;;4;0,002886751;170,6583333;3,43356E-05;4
;;;;;;3,91;0,002886751;171,6583333;3,39367E-05;3,91
;;;;;;3,82;0,002886751;172,6583333;3,35448E-05;3,82
;;;;;;3,74;0,002886751;173,6583333;3,31596E-05;3,74
;;;;;;3,65;0,002886751;174,6583333;3,27809E-05;3,65
;;;;;;3,58;0,002886751;175,6583333;3,24088E-05;3,58
;;;;;;3,49;0,002886751;176,6583333;3,20429E-05;3,49
;;;;;;3,42;0,002886751;177,6583333;3,16832E-05;3,42
;;;;;;3,34;0,002886751;178,6583333;3,13295E-05;3,34
;;;;;;3,28;0,002886751;179,6583333;3,09817E-05;3,28
;;;;;;3,21;0,002886751;180,6583333;3,06397E-05;3,21
;;;;;;3,13;0,002886751;181,6583333;3,03033E-05;3,13
;;;;;;3,07;0,002886751;182,6583333;2,99724E-05;3,07
;;;;;;3,01;0,002886751;183,6583333;2,96469E-05;3,01
;;;;;;2,95;0,002886751;184,6583333;2,93266E-05;2,95
;;;;;;2,89;0,002886751;185,6583333;2,90116E-05;2,89
;;;;;;2,83;0,002886751;186,6583333;2,87015E-05;2,83
;;;;;;2,78;0,002886751;187,6583333;2,83965E-05;2,78
;;;;;;2,71;0,002886751;188,6583333;2,80962E-05;2,71
;;;;;;2,61;0,002886751;190,6583333;2,75099E-05;2,61
;;;;;;2,52;0,002886751;192,6583333;2,69417E-05;2,52
;;;;;;2,43;0,002886751;194,6583333;2,63909E-05;2,43
;;;;;;2,34;0,002886751;196,6583333;2,58568E-05;2,34
;;;;;;2,26;0,002886751;198,6583333;2,53388E-05;2,26
;;;;;;2,18;0,002886751;200,6583333;2,48362E-05;2,18
;;;;;;2,11;0,002886751;202,6583333;2,43484E-05;2,11
;;;;;;2,04;0,002886751;204,6583333;2,38749E-05;2,04
;;;;;;1,98;0,002886751;206,6583333;2,3415E-05;1,98
;;;;;;1,91;0,002886751;208,6583333;2,29683E-05;1,91
;;;;;;1,85;0,002886751;210,6583333;2,25342E-05;1,85
;;;;;;1,79;0,002886751;212,6583333;2,21124E-05;1,79
;;;;;;1,74;0,002886751;214,6583333;2,17022E-05;1,74
;;;;;;1,68;0,002886751;216,6583333;2,13034E-05;1,68
;;;;;;1,63;0,002886751;218,6583333;2,09155E-05;1,63
;;;;;;1,58;0,002886751;220,6583333;2,05381E-05;1,58
;;;;;;1,54;0,002886751;222,6583333;2,01708E-05;1,54
;;;;;;1,5;0,002886751;224,6583333;1,98132E-05;1,5
;;;;;;1,45;0,002886751;226,6583333;1,94651E-05;1,45
;;;;;;1,39;0,002886751;229,6583333;1,89599E-05;1,39
;;;;;;1,34;0,002886751;232,6583333;1,84741E-05;1,34
;;;;;;1,28;0,002886751;235,6583333;1,80067E-05;1,28
;;;;;;1,23;0,002886751;238,6583333;1,75569E-05;1,23
;;;;;;1,19;0,002886751;241,6583333;1,71237E-05;1,19
;;;;;;1,15;0,002886751;244,6583333;1,67063E-05;1,15
;;;;;;1,1;0,002886751;247,6583333;1,6304E-05;1,1
;;;;;;1,06;0,002886751;250,6583333;1,59161E-05;1,06
;;;;;;1,03;0,002886751;253,6583333;1,55418E-05;1,03
;;;;;;0,99;0,002886751;256,6583333;1,51806E-05;0,99
;;;;;;0,96;0,002886751;259,6583333;1,48319E-05;0,96
;;;;;;0,92;0,002886751;262,6583333;1,4495E-05;0,92
;;;;;;0,89;0,002886751;265,6583333;1,41695E-05;0,89
;;;;;;0,86;0,002886751;268,6583333;1,38548E-05;0,86
;;;;;;0,83;0,002886751;271,6583333;1,35505E-05;0,83
;;;;;;0,81;0,002886751;274,6583333;1,32561E-05;0,81
;;;;;;0,79;0,002886751;277,6583333;1,29712E-05;0,79
;;;;;;0,765;0,002886751;280,6583333;1,26953E-05;0,765
;;;;;;0,745;0,002886751;283,6583333;1,24282E-05;0,745
;;;;;;0,715;0,002886751;286,6583333;1,21694E-05;0,715
;;;;;;0,71;0,002886751;289,6583333;1,19187E-05;0,71
;;;;;;0,6825;0,000866025;292,6583333;1,16756E-05;0,6825
;;;;;;0,664;0,001154701;295,6583333;1,14398E-05;0,664
;;;;;;0,6445;0,000866025;298,6583333;1,12112E-05;0,6445
;;;;;;0,628;0,001154701;301,6583333;1,09893E-05;0,628
;;;;;;0,594;0,001154701;304,6583333;1,07739E-05;0,594
;;;;;;0,58;0,001154701;307,6583333;1,05648E-05;0,58
;;;;;;0,5645;0,001443376;310,6583333;1,03618E-05;0,5645
;;;;;;0,5505;0,001443376;313,6583333;1,01645E-05;0,5505
;;;;;;0,5355;0,000288675;316,6583333;9,97282E-06;0,5355
;;;;;;0,5225;0,000866025;319,6583333;9,78651E-06;0,5225
;;;;;;0,5105;0,000866025;322,6583333;9,60537E-06;0,5105
;;;;;;0,4975;0,000866025;325,6583333;9,42922E-06;0,4975
;;;;;;0,4855;0,000866025;328,6583333;9,25786E-06;0,4855
;;;;;;0,4745;0,000866025;331,6583333;9,09114E-06;0,4745
;;;;;;0,4625;0,000866025;334,6583333;8,92887E-06;0,4625
;;;;;;0,45;0,001154701;337,6583333;8,77092E-06;0,45
;;;;;;0,4425;0,000866025;340,6583333;8,61712E-06;0,4425
;;;;;;0,4325;0,000866025;343,6583333;8,46733E-06;0,4325
;;;;;;0,423;0,001154701;346,6583333;8,32141E-06;0,423
;;;;;;0,4135;0,000866025;349,6583333;8,17923E-06;0,4135
;;;;;;0,4045;0,000866025;352,6583333;8,04066E-06;0,4045
;;;;;;0,3955;0,000866025;355,6583333;7,90559E-06;0,3955
;;;;;;0,388;0,001154701;358,6583333;7,77389E-06;0,388
;;;;;;0,3795;0,000866025;361,6583333;7,64545E-06;0,3795
;;;;;;0,3715;0,000866025;364,6583333;7,52017E-06;0,3715
;;;;;;0,3615;0,000866025;367,6583333;7,39795E-06;0,3615
;;;;;;0,3575;0,000866025;370,6583333;7,27868E-06;0,3575
;;;;;;0,35;0,00057735;373,6583333;7,16227E-06;0,35
;;;;;;0,3415;0,001732051;376,6583333;7,04863E-06;0,3415
;;;;;;0,3355;0,000288675;379,6583333;6,93768E-06;0,3355
;;;;;;0,3295;0,000866025;382,6583333;6,82932E-06;0,3295
;;;;;;0,323;0,00057735;385,6583333;6,72349E-06;0,323
;;;;;;0,313;0,00057735;390,6583333;6,55248E-06;0,313
;;;;;;0,303;0,00057735;395,6583333;6,38792E-06;0,303
;;;;;;0,293;0,00057735;400,6583333;6,22948E-06;0,293
;;;;;;0,2845;0,000866025;405,6583333;6,07686E-06;0,2845
;;;;;;0,2765;0,000866025;410,6583333;5,92978E-06;0,2765
;;;;;;0,268;0,00057735;415,6583333;5,78798E-06;0,268
;;;;;;0,26;0,00057735;420,6583333;5,6512E-06;0,26
;;;;;;0,254;0,00057735;425,6583333;5,51922E-06;0,254
;;;;;;0,246666667;0,00057735;430,6583333;5,39181E-06;0,246666667
;;;;;;0,239;0,00057735;435,6583333;5,26875E-06;0,239
;;;;;;0,232;0,000866025;440,6583333;5,14987E-06;0,232
;;;;;;0,226666667;0,00057735;445,6583333;5,03496E-06;0,226666667
;;;;;;0,220666667;0,00057735;450,6583333;4,92385E-06;0,220666667
;;;;;;0,214666667;0,00057735;455,6583333;4,81639E-06;0,214666667
;;;;;;0,209666667;0,00057735;460,6583333;4,7124E-06;0,209666667
;;;;;;0,203666667;0,00057735;465,6583333;4,61174E-06;0,203666667
;;;;;;0,198666667;0,00057735;470,6583333;4,51428E-06;0,198666667
;;;;;;0,193666667;0,00057735;475,6583333;4,41987E-06;0,193666667
;;;;;;0,189666667;0,00057735;480,6583333;4,3284E-06;0,189666667
;;;;;;0,184;0,00057735;485,6583333;4,23973E-06;0,184
;;;;;;0,18;0,00057735;490,6583333;4,15376E-06;0,18
;;;;;;0,177;0,00057735;495,6583333;4,07038E-06;0,177
;;;;;;0,172;0,00057735;500,6583333;3,98949E-06;0,172
;;;;;;0,168333333;0,000288675;505,6583333;3,91098E-06;0,168333333
;;;;;;0,164666667;0,00057735;510,6583333;3,83477E-06;0,164666667
;;;;;;0,160666667;0,00057735;515,6583333;3,76076E-06;0,160666667
;;;;;;0,156666667;0,00057735;520,6583333;3,68888E-06;0,156666667
;;;;;;0,152666667;0,00057735;525,6583333;3,61904E-06;0,152666667
;;;;;;0,15;0,00057735;530,6583333;3,55116E-06;0,15
;;;;;;0,145666667;0,00057735;535,6583333;3,48517E-06;0,145666667
;;;;;;0,143;0,00057735;540,6583333;3,42101E-06;0,143
;;;;;;0,14;0,00057735;545,6583333;3,3586E-06;0,14
;;;;;;0,135666667;0,00057735;550,6583333;3,29789E-06;0,135666667
;;;;;;0,134333333;0,000288675;555,6583333;3,2388E-06;0,134333333
;;;;;;0,132333333;0,000288675;560,6583333;3,18129E-06;0,132333333
;;;;;;0,126666667;0,00057735;570,6583333;3,07077E-06;0,126666667
;;;;;;0,121666667;0,00057735;580,6583333;;0,121666667
;;;;;;0,116666667;0,00057735;590,6583333;;0,116666667
;;;;;;0,111333333;0,000288675;600,6583333;;0,111333333
;;;;;;0,108;0,00057735;610,6583333;;0,108
;;;;;;0,104333333;0,000288675;620,6583333;;0,104333333
;;;;;;0,101;0,00057735;630,6583333;;0,101
;;;;;;0,097333333;0,000288675;640,6583333;;0,097333333
;;;;;;0,093333333;0,000288675;650,6583333;;0,093333333
;;;;;;0,091333333;0,000288675;660,6583333;;0,091333333
;;;;;;0,088333333;0,000288675;670,6583333;;0,088333333
;;;;;;0,085333333;0,000288675;680,6583333;;0,085333333
;;;;;;0,082333333;0,000288675;690,6583333;;0,082333333
;;;;;;0,077333333;0,00023094;710,6583333;;0,077333333
;;;;;;0,072733333;0,00023094;730,6583333;;0,072733333
;;;;;;0,068766667;0,000202073;750,6583333;;0,068766667
;;;;;;0,064766667;0,000202073;770,6583333;;0,064766667
;;;;;;0,061166667;0,000202073;790,6583333;;0,061166667
;;;;;;0,057833333;0,000173205;810,6583333;;0,057833333
;;;;;;0,054833333;0,000173205;830,6583333;;0,054833333
;;;;;;0,052133333;0,000173205;850,6583333;;0,052133333
;;;;;;0,049733333;0,000173205;870,6583333;;0,049733333
;;;;;;0,047433333;0,00011547;890,6583333;;0,047433333
;;;;;;0,044133333;0,00011547;920,6583333;;0,044133333
;;;;;;0,0411;0,000202073;950,6583333;;0,0411
;;;;;;0,038366667;0,00011547;980,6583333;;0,038366667
;;;;;;0,035966667;0,00011547;1010,658333;;0,035966667
;;;;;;0,033833333;0,00011547;1040,658333;;0,033833333
;;;;;;0,030666667;0,00011547;1090,658333;;0,030666667
;;;;;;0,027866667;0,00011547;1140,658333;;0,027866667
;;;;;;0,0254;8,66E-05;1190,658333;;0,0254
;;;;;;0,0234;8,66E-05;1240,658333;;0,0234
;;;;;;0,021533333;8,66E-05;1290,658333;;0,021533333
;;;;;;0,018433333;8,66E-05;1390,658333;;0,018433333
;;;;;;0,016033333;0,000144338;1490,658333;;0,016033333
;;;;;;0,013933333;8,66E-05;1590,658333;;0,013933333
;;;;;;0,012266667;8,66E-05;1690,658333;;0,012266667
;;;;;;0,010966667;8,66E-05;1790,658333;;0,010966667
;;;;;;0,009933333;8,66E-05;1890,658333;;0,009933333
;;;;;;0,0093;0,00011547;1960,658333;;0,0093