r ;x ;V_dir;V_fondo1 ;V_fondo2 ;V_fondo3 ;sigma3mis;sigma1mis;sigmaVdir
143;142;6,68;0,01;;;0,005773503;0,005773503;0,005773503
144;143;6,26;0,04;;;0,005773503;0,005773503;0,005773503
145;144;6,02;0,02;;;0,005773503;0,005773503;0,005773503
146;145;5,82;0,01;;;0,005773503;0,005773503;0,005773503
147;146;5,58;0,01;;;0,005773503;0,005773503;0,005773503
148;147;5,35;0,01;;;0,005773503;0,005773503;0,005773503
149;148;5,18;0,01;;;0,005773503;0,005773503;0,005773503
150;149;5,01;0,01;;;0,005773503;0,005773503;0,005773503
151;150;4,81;0,01;;;0,005773503;0,005773503;0,005773503
152;151;4,63;0,01;;;0,005773503;0,005773503;0,005773503
153;152;4,46;0,01;;;0,005773503;0,005773503;0,005773503
154;153;4,33;0,01;;;0,005773503;0,005773503;0,005773503
155;154;4,22;0,01;;;0,005773503;0,005773503;0,005773503
156;155;4,06;0,01;;;0,005773503;0,005773503;0,005773503
157;156;3,86;0,01;;;0,005773503;0,005773503;0,005773503
158;157;3,8;0,01;;;0,005773503;0,005773503;0,005773503
159;158;3,77;0,01;;;0,005773503;0,005773503;0,005773503
160;159;3,56;0,01;;;0,005773503;0,005773503;0,005773503
161;160;3,43;0,01;;;0,005773503;0,005773503;0,005773503
162;161;3,28;0,01;;;0,005773503;0,005773503;0,005773503
163;162;3,19;0,01;;;0,005773503;0,005773503;0,005773503
164;163;3,14;0,01;;;0,005773503;0,005773503;0,005773503
165;164;3,05;0,01;;;0,005773503;0,005773503;0,005773503
166;165;2,93;0,01;;;0,005773503;0,005773503;0,005773503
167;166;2,82;0.01;;;0,005773503;0,005773503;0,005773503
168;167;2,76;0,01;;;0,005773503;0,005773503;0,005773503
169;168;2,67;0,008;;;0,00057735;0,005773503;0,005773503
170;169;2,59;0,009;;;0,00057735;0,005773503;0,005773503
171;170;2,53;0,011;;;0,00057735;0,005773503;0,005773503
172;171;2,48;0,008;;;0,00057735;0,005773503;0,005773503
173;172;2,33;0,006;;;0,00057735;0,005773503;0,005773503
175;174;2,24;0,005;;;0,00057735;0,005773503;0,005773503
176;175;2,2;0,005;;;0,00057735;0,005773503;0,005773503
177;176;2,13;0,005;;;0,00057735;0,005773503;0,005773503
178;177;2,12;0,004;;;0,00057735;0,005773503;0,005773503
179;178;2,03;0,005;;;0,00057735;0,005773503;0,005773503
180;179;1,97;0.004;;;0,00057735;0,005773503;0,005773503
181;180;1,93;0,005;;;0,00057735;0,005773503;0,005773503
182;181;1,9;0,005;;;0,00057735;0,005773503;0,005773503
183;182;1,86;0,005;;;0,00057735;0,005773503;0,005773503
184;183;1,82;0,005;;;0,00057735;0,005773503;0,005773503
185;184;1,77;0,005;;;0,00057735;0,005773503;0,005773503
186;185;1,73;0,005;;;0,00057735;0,005773503;0,005773503
187;186;1,69;0,006;;;0,00057735;0,005773503;0,005773503
188;187;1,66;0,006;;;0,00057735;0,005773503;0,005773503
189;188;1,62;0,005;;;0,00057735;0,005773503;0,005773503
191;190;1,54;0,006;;;0,00057735;0,005773503;0,005773503
192;191;1,52;0,05;;;0,00057735;0,005773503;0,005773503
193;192;1,49;0,005;;;0,00057735;0,005773503;0,005773503
194;193;1,46;0,006;;;0,00057735;0,005773503;0,005773503
195;194;1,42;0,006;;;0,00057735;0,005773503;0,005773503
196;195;1,4;0,006;;;0,00057735;0,005773503;0,005773503
197;196;1,37;0,005;;;0,00057735;0,005773503;0,005773503
198;197;1,35;0,005;;;0,00057735;0,005773503;0,005773503
199;198;1,31;0,006;;;0,00057735;0,005773503;0,005773503
200;199;1,29;0,006;;;0,00057735;0,005773503;0,005773503
201;200;1,27;0,006;;;0,00057735;0,005773503;0,005773503
202;201;1,24;0,006;;;0,00057735;0,005773503;0,005773503
203;202;1,22;0,006;;;0,00057735;0,005773503;0,005773503
204;203;1,2;0,005;;;0,00057735;0,005773503;0,005773503
205;204;1,17;0,006;;;0,00057735;0,005773503;0,005773503
206;205;1,15;0,005;;;0,00057735;0,005773503;0,005773503
207;206;1,13;0,006;;;0,00057735;0,005773503;0,005773503
208;207;1,11;0,005;;;0,00057735;0,005773503;0,005773503
209;208;1,1;0,005;;;0,00057735;0,005773503;0,005773503
210;209;1,084;0,006;;;0,00057735;0,005773503;0,00057735
211;210;1,067;0,006;;;0,00057735;0,005773503;0,00057735
212;211;1,047;0,006;;;0,00057735;0,005773503;0,00057735
213;212;1,026;0,006;;;0,00057735;0,005773503;0,00057735
214;213;1,011;0,006;;;0,00057735;0,005773503;0,00057735
215;214;0,992;0,006;;;0,00057735;0,005773503;0,00057735
216;215;0,974;0,006;;;0,00057735;0,005773503;0,00057735
217;216;0,957;0,006;;;0,00057735;0,005773503;0,00057735
218;217;0,948;0,006;;;0,00057735;0,005773503;0,00057735
219;218;0,926;0,006;;;0,00057735;0,005773503;0,00057735
220;219;0,915;0,006;;;0,00057735;0,005773503;0,00057735
221;220;0,898;0,006;;;0,00057735;0,005773503;0,00057735
222;221;0,884;0,006;;;0,00057735;0,005773503;0,00057735
223;222;0,872;0,006;;;0,00057735;0,005773503;0,00057735
224;223;0,862;0,006;;;0,00057735;0,005773503;0,00057735
225;224;0,848;0,006;;;0,00057735;0,005773503;0,00057735
226;225;0,833;0,006;;;0,00057735;0,005773503;0,00057735
227;226;0,821;0,006;;;0,00057735;0,005773503;0,00057735
228;227;0,809;0,006;;;0,00057735;0,005773503;0,00057735
229;228;0,796;0,006;;;0,00057735;0,005773503;0,00057735
230;229;0,783;0,006;;;0,00057735;0,005773503;0,00057735
231;230;0,773;0,006;;;0,00057735;0,005773503;0,00057735
232;231;0,761;0,006;;;0,00057735;0,005773503;0,00057735
233;232;0,751;0,006;;;0,00057735;0,005773503;0,00057735
234;233;0,742;0,006;;;0,00057735;0,005773503;0,00057735
235;234;0,731;0,006;;;0,00057735;0,005773503;0,00057735
236;235;0,719;0,006;;;0,00057735;0,005773503;0,00057735
237;236;0,707;0,006;;;0,00057735;0,005773503;0,00057735
238;237;0,7;0,006;;;0,00057735;0,005773503;0,00057735
239;238;0,689;0,006;;;0,00057735;0,005773503;0,00057735
240;239;0,678;0,006;;;0,00057735;0,005773503;0,00057735
241;240;0,673;0,006;;;0,00057735;0,005773503;0,00057735
242;241;0,661;0,006;;;0,00057735;0,005773503;0,00057735
243;242;0,652;0,006;;;0,00057735;0,005773503;0,00057735
244;243;0,644;0,006;;;0,00057735;0,005773503;0,00057735
245;244;0,635;0,006;;;0,00057735;0,005773503;0,00057735
246;245;0,628;0,006;;;0,00057735;0,005773503;0,00057735
247;246;0,617;0,006;;;0,00057735;0,005773503;0,00057735
248;247;0,61;0,006;;;0,00057735;0,005773503;0,00057735
249;248;0,603;0,006;;;0,00057735;0,005773503;0,00057735
250;249;0,597;0,006;;;0,00057735;0,005773503;0,00057735
251;250;0,588;0,006;;;0,00057735;0,005773503;0,00057735
252;251;0,579;0,006;;;0,00057735;0,005773503;0,00057735
253;252;0,572;0,006;;;0,00057735;0,005773503;0,00057735
254;253;0,567;0,006;;;0,00057735;0,005773503;0,00057735
255;254;0,557;0,006;;;0,00057735;0,005773503;0,00057735
256;255;0,553;0,006;;;0,00057735;0,005773503;0,00057735
257;256;0,546;0,006;;;0,00057735;0,005773503;0,00057735
258;257;0,538;0,006;;;0,00057735;0,005773503;0,00057735
259;258;0,532;0,006;;;0,00057735;0,005773503;0,00057735
260;259;0,526;0,006;;;0,00057735;0,005773503;0,00057735
261;260;0,52;0,006;;;0,00057735;0,005773503;0,00057735
263;262;0,509;0,006;;;0,00057735;0,005773503;0,00057735
265;264;0,497;0,006;;;0,00057735;0,005773503;0,00057735
267;266;0,483;0,006;;;0,00057735;0,005773503;0,00057735
269;268;0,474;0,006;;;0,00057735;0,005773503;0,00057735
271;270;0,466;0,006;;;0,00057735;0,005773503;0,00057735
273;272;0.453;0,006;;;0,00057735;0,005773503;0,00057735
275;274;0,444;0,006;;;0,00057735;0,005773503;0,00057735
277;276;0,434;0,006;;;0,00057735;0,005773503;0,00057735
281;280;0,416;0,006;;;0,00057735;0,005773503;0,00057735
283;282;0,408;0,006;;;0,00057735;0,005773503;0,00057735
285;284;0,4;0,006;;;0,00057735;0,005773503;0,00057735
287;286;0,392;0,007;;;0,00057735;0,005773503;0,00057735
289;288;0,384;0,006;;;0,00057735;0,005773503;0,00057735
291;290;0,377;0,006;;;0,00057735;0,005773503;0,00057735
293;292;0,369;0,007;;;0,00057735;0,005773503;0,00057735
295;294;0,361;0,007;;;0,00057735;0,005773503;0,00057735
297;296;0,354;0,006;;;0,00057735;0,005773503;0,00057735
299;298;0,348;0,007;;;0,00057735;0,005773503;0,00057735
301;300;0,342;0,007;;;0,00057735;0,005773503;0,00057735
303;302;0,335;0,007;;;0,00057735;0,005773503;0,00057735
305;304;0,329;0,007;;;0,00057735;0,005773503;0,00057735
307;306;0,321;0,007;;;0,00057735;0,005773503;0,00057735
309;308;0,316;0,007;;;0,00057735;0,005773503;0,00057735
311;310;0,31;0,007;;;0,00057735;0,005773503;0,00057735
313;312;0,305;0,007;;;0,00057735;0,005773503;0,00057735
315;314;0,3;0,007;;;0,00057735;0,005773503;0,00057735
317;316;0,295;0,007;;;0,00057735;0,005773503;0,00057735
319;318;0,29;0,007;;;0,00057735;0,005773503;0,00057735
321;320;0,284;0,007;;;0,00057735;0,005773503;0,00057735
323;322;0,279;0,007;;;0,00057735;0,005773503;0,00057735
325;324;0,275;0,007;;;0,00057735;0,005773503;0,00057735
327;326;0,269;0,007;;;0,00057735;0,005773503;0,00057735
329;328;0,265;0,007;;;0,00057735;0,005773503;0,00057735
331;330;0,26;0,007;;;0,00057735;0,005773503;0,00057735
333;332;0,256;0,007;;;0,00057735;0,005773503;0,00057735
335;334;0,253;0,007;;;0,00057735;0,005773503;0,00057735
337;336;0,249;0,007;;;0,00057735;0,005773503;0,00057735
339;338;0,245;0,007;;;0,00057735;0,005773503;0,00057735
341;340;0,241;0,007;;;0,00057735;0,005773503;0,00057735
343;342;0,237;0,007;;;0,00057735;0,005773503;0,00057735
345;344;0,234;0,007;;;0,00057735;0,005773503;0,00057735
347;346;0,229;0,007;;;0,00057735;0,005773503;0,00057735
349;348;0,226;0,007;;;0,00057735;0,005773503;0,00057735
351;350;0,223;0,007;;;0,00057735;0,005773503;0,00057735
353;352;0,22;0,007;;;0,00057735;0,005773503;0,00057735
355;354;0,216;0,007;;;0,00057735;0,005773503;0,00057735
357;356;0,213;0,007;;;0,00057735;0,005773503;0,00057735
359;358;0,21;0,007;;;0,00057735;0,005773503;0,00057735
361;360;0,208;0,007;;;0,00057735;0,005773503;0,00057735
363;362;0,204;0,007;;;0,00057735;0,005773503;0,00057735
365;364;0,201;0,007;;;0,00057735;0,005773503;0,00057735
367;366;0,199;0,007;;;0,00057735;0,005773503;0,00057735
369;368;0,196;0,007;;;0,00057735;0,005773503;0,00057735
371;370;0,193;0,007;;;0,00057735;0,005773503;0,00057735
373;372;0,19;0,007;;;0,00057735;0,005773503;0,00057735
375;374;0,188;0,007;;;0,00057735;0,005773503;0,00057735
377;376;0,185;0,007;;;0,00057735;0,005773503;0,00057735
379;378;0,183;0,007;;;0,00057735;0,005773503;0,00057735
381;380;0,18;0,007;;;0,00057735;0,005773503;0,00057735
383;382;0,178;0,007;;;0,00057735;0,005773503;0,00057735
385;384;0,176;0,007;;;0,00057735;0,005773503;0,00057735
387;386;0,174;0,007;;;0,00057735;0,005773503;0,00057735
389;388;0,171;0,007;;;0,00057735;0,005773503;0,00057735
391;390;0,169;0,007;;;0,00057735;0,005773503;0,00057735
393;392;0,166;0,007;;;0,00057735;0,005773503;0,00057735
395;394;0,165;0,007;;;0,00057735;0,005773503;0,00057735
397;396;0,162;0,007;;;0,00057735;0,005773503;0,00057735
399;398;0,16;0,007;;;0,00057735;0,005773503;0,00057735
401;400;0,159;0,007;;;0,00057735;0,005773503;0,00057735
403;402;0,155;0,007;;;0,00057735;0,005773503;0,00057735
405;404;0,154;0,007;;;0,00057735;0,005773503;0,00057735
407;406;0,152;0,007;;;0,00057735;0,005773503;0,00057735
409;408;0,151;0,007;;;0,00057735;0,005773503;0,00057735
411;410;0,149;0,007;;;0,00057735;0,005773503;0,00057735
413;412;0,147;0,007;;;0,00057735;0,005773503;0,00057735
415;414;0,146;0,007;;;0,00057735;0,005773503;0,00057735
417;416;0,144;0,007;;;0,00057735;0,005773503;0,00057735
419;418;0,143;0,007;;;0,00057735;0,005773503;0,00057735
421;420;0,14;0,007;;;0,00057735;0,005773503;0,00057735
423;422;0,138;0,007;;;0,00057735;0,005773503;0,00057735
425;424;0,137;0,007;;;0,00057735;0,005773503;0,00057735
427;426;0,136;0,007;;;0,00057735;0,005773503;0,00057735
429;428;0,134;0,007;;;0,00057735;0,005773503;0,00057735
431;430;0,132;0,007;;;0,00057735;0,005773503;0,00057735
433;432;0,131;0,007;;;0,00057735;0,005773503;0,00057735
435;434;0,129;0,007;;;0,00057735;0,005773503;0,00057735
437;436;0,128;0,007;;;0,00057735;0,005773503;0,00057735
439;438;0,126;0,007;;;0,00057735;0,005773503;0,00057735
441;440;0,125;0,007;;;0,00057735;0,005773503;0,00057735
443;442;0,123;0,007;;;0,00057735;0,005773503;0,00057735
445;444;0,122;0,007;;;0,00057735;0,005773503;0,00057735
447;446;0,121;0,007;;;0,00057735;0,005773503;0,00057735
449;448;0,12;0,007;;;0,00057735;0,005773503;0,00057735
451;450;0,119;0,007;;;0,00057735;0,005773503;0,00057735
453;452;0,117;0,007;;;0,00057735;0,005773503;0,00057735
455;454;0,116;0,007;;;0,00057735;0,005773503;0,00057735
457;456;0,115;0,007;;;0,00057735;0,005773503;0,00057735
459;458;0,114;0,007;;;0,00057735;0,005773503;0,00057735
461;460;0,113;0,007;;;0,00057735;0,005773503;0,00057735
466;465;0,11;0,007;;;0,00057735;0,005773503;0,00057735
471;470;0,107;0,007;;;0,00057735;0,005773503;0,00057735
476;475;0,104;0,007;;;0,00057735;0,005773503;0,00057735
481;480;0,102;0,007;;;0,00057735;0,005773503;0,00057735
486;485;0,1;0,007;;;0,00057735;0,005773503;0,00057735
491;490;0,097;0,007;;;0,00057735;0,005773503;0,00057735
496;495;0,095;0,007;;;0,00057735;0,005773503;0,00057735
501;500;0,093;0,007;;;0,00057735;0,005773503;0,00057735
506;505;0,091;0,007;;;0,00057735;0,005773503;0,00057735
511;510;0,089;0,007;;;0,00057735;0,005773503;0,00057735
516;515;0,087;0,007;;;0,00057735;0,005773503;0,00057735
521;520;0,085;0,007;;;0,00057735;0,005773503;0,00057735
526;525;0,082;0,007;;;0,00057735;0,005773503;0,00057735
531;530;0,081;0,007;;;0,00057735;0,005773503;0,00057735
536;535;0,08;0,007;;;0,00057735;0,005773503;0,00057735
541;540;0,078;0,007;;;0,00057735;0,005773503;0,00057735
546;545;0,076;0,007;;;0,00057735;0,005773503;0,00057735
551;550;0,075;0,007;;;0,00057735;0,005773503;0,00057735
556;555;0,073;0,007;;;0,00057735;0,005773503;0,00057735
561;560;0,072;0,007;;;0,00057735;0,005773503;0,00057735
566;565;0,071;0,007;;;0,00057735;0,005773503;0,00057735
571;570;0,069;0,007;;;0,00057735;0,005773503;0,00057735
576;575;0,068;0,007;;;0,00057735;0,005773503;0,00057735
581;580;0,067;0,007;;;0,00057735;0,005773503;0,00057735
586;585;0,065;0,006;;;0,00057735;0,005773503;0,00057735
591;590;0,064;0,006;;;0,00057735;0,005773503;0,00057735
596;595;0,063;0,006;;;0,00057735;0,005773503;0,00057735
601;600;0,062;0,006;;;0,00057735;0,005773503;0,00057735
606;605;0,061;0,006;;;0,00057735;0,005773503;0,00057735
611;610;0,06;0,006;;;0,00057735;0,005773503;0,00057735
616;615;0,059;0,006;;;0,00057735;0,005773503;0,00057735
621;620;0,058;0,006;;;0,00057735;0,005773503;0,00057735
626;625;0,057;0,006;;;0,00057735;0,005773503;0,00057735
631;630;0,056;0,006;;;0,00057735;0,005773503;0,00057735
636;635;0,055;0,006;;;0,00057735;0,005773503;0,00057735
641;640;0,054;0,006;;;0,00057735;0,005773503;0,00057735
646;645;0,053;0,006;;;0,00057735;0,005773503;0,00057735
651;650;0,052;0,006;;;0,00057735;0,005773503;0,00057735
656;655;0,051;0,006;;;0,00057735;0,005773503;0,00057735
661;660;0,051;0,006;;;0,00057735;0,005773503;0,00057735
666;665;0,05;0,006;;;0,00057735;0,005773503;0,00057735
671;670;0,049;0,006;;;0,00057735;0,005773503;0,00057735
676;675;0,048;0,006;;;0,00057735;0,005773503;0,00057735
681;680;0,047;0,005;;;0,00057735;0,005773503;0,00057735
686;685;0,047;0,006;;;0,00057735;0,005773503;0,00057735
691;690;0,046;0,004;0,005;0,006;0,00057735;0,005773503;0,00057735
696;695;0,045;0,003;0,005;0,005;0,00057735;0,005773503;0,00057735
701;700;0,045;0,003;0,005;0,006;0,000866025;0,005773503;0,00057735
711;710;0,045;0,003;0,005;0,006;0,000866025;0,005773503;0,00057735
721;720;0,043;0,003;0,006;0,006;0,000866025;0,005773503;0,00057735
731;730;0,042;0,002;0,005;0,006;0,001154701;0,005773503;0,00057735
741;740;0,04;0,004;0,005;0,005;0,000288675;0,005773503;0,00057735
751;750;0,0404;0,0036;0,0059;0,006;0,00069282;0,005773503;5,7735E-05
761;760;0,0393;0,0034;0,0059;0,0059;0,000721688;0,005773503;5,7735E-05
771;770;0,0383;0,0036;0,0058;0,0058;0,000635085;0,005773503;5,7735E-05
781;780;0,0372;0,0037;0,0057;0,0059;0,000635085;0,005773503;5,7735E-05
791;790;0,0363;0,0056;0,0057;0,0037;0,00057735;0,005773503;5,7735E-05
801;800;0,0353;0,003;0,0055;0,0056;0,000750555;0,005773503;5,7735E-05
811;810;0,0344;0,0032;0,0054;0,0056;0,00069282;0,005773503;5,7735E-05
821;820;0,0335;0,0031;0,0054;0,0055;0,00069282;0,005773503;5,7735E-05
831;830;0,0327;0,0028;0,0053;0,0054;0,000750555;0,005773503;5,7735E-05
841;840;0,0319;0,0035;0,0052;0,0053;0,000519615;0,005773503;5,7735E-05
851;850;0,0312;0,0033;0,0052;0,0053;0,00057735;0,005773503;5,7735E-05
861;860;0,0304;0,0027;0,0051;0,0052;0,000721688;0,005773503;5,7735E-05
871;870;0,0296;0,0028;0,0051;0,0051;0,000663953;0,005773503;5,7735E-05
881;880;0,029;0,0028;0,005;0,0051;0,000663953;0,005773503;5,7735E-05
891;890;0,0284;0,0028;0,0049;0,005;0,000635085;0,005773503;5,7735E-05
901;900;0,0276;0,0029;0,0048;0,0049;0,00057735;0,005773503;5,7735E-05
921;920;0,0259;0,0028;0,0046;0,0047;0,000548483;0,005773503;5,7735E-05
941;940;0,0248;0,0028;0,0046;0,0046;0,000519615;0,005773503;5,7735E-05
961;960;0,0237;0,0028;0,0043;0,0044;0,00046188;0,005773503;5,7735E-05
981;980;0,0226;0,0027;0,0045;0,0043;0,000519615;0,005773503;5,7735E-05
1001;1000;0,0219;0,003;0,0042;0,0043;0,000375278;0,005773503;5,7735E-05
1021;1020;0,021;0,003;0,0041;0,0042;0,00034641;0,005773503;5,7735E-05
1041;1040;0,0202;0,0028;0,004;0,004;0,00034641;0,005773503;5,7735E-05
1061;1060;0,0195;0,0028;0,0039;0,0039;0,000317543;0,005773503;5,7735E-05
1081;1080;0,0188;0,0027;0,0038;0,0028;0,000317543;0,005773503;5,7735E-05
1101;1100;0,0181;0,0024;0,0037;0,0037;0,000375278;0,005773503;5,7735E-05
1121;1120;0,0174;0,0024;0,0036;0,0036;0,00034641;0,005773503;5,7735E-05
1141;1140;0,0169;0,0023;0,0037;0,0036;0,000404145;0,005773503;5,7735E-05
1161;1160;0,0163;0,0021;0,0035;0,0035;0,000404145;0,005773503;5,7735E-05
1181;1180;0,0158;0,0021;0,0034;0,0036;0,000433013;0,005773503;5,7735E-05
1201;1200;0,0153;0,0024;0,0033;0,0033;0,000259808;0,005773503;5,7735E-05
1231;1230;0,0146;0,0025;0,0033;0,0033;0,00023094;0,005773503;5,7735E-05
1251;1250;0,0141;0,0027;0,0032;0,0032;0,000144338;0,005773503;5,7735E-05
1301;1300;0,0131;0,0021;0,003;0,0031;0,000288675;0,005773503;5,7735E-05
1351;1350;0,0122;0,0019;0,0029;0,003;0,000317543;0,005773503;5,7735E-05
1401;1400;0,0114;0,0019;0,0028;0,0028;0,000259808;0,005773503;5,7735E-05
1451;1450;0,0106;0,0018;0,0027;0,0027;0,000259808;0,005773503;5,7735E-05
1501;1500;0,01;0,0017;0,0026;0,0026;0,000259808;0,005773503;5,7735E-05
1551;1550;0,0094;0,0018;0,0024;0,0027;0,000259808;0,005773503;5,7735E-05
1601;1600;0,0089;0,0016;0,0024;0,0025;0,000259808;0,005773503;5,7735E-05
1651;1650;0,0084;0,0016;0,0024;0,0024;0,00023094;0,005773503;5,7735E-05
1701;1700;0,008;0,0023;0,0023;0,0023;0,005773503;0,005773503;5,7735E-05
1751;1750;0,0076;0,0023;0,0023;0,0023;0,005773503;0,005773503;5,7735E-05
1871;1870;0,0068;0,0026;0,0026;0,0027;2,88675E-05;0,005773503;5,7735E-05
1976;1975;0,0063;0,0026;0,0026;0,0027;2,88675E-05;0,005773503;5,7735E-05